file_path,label
train_sound\Angry\1157_kz_acik.wav,angry
train_sound\Angry\1157_kz_algi.wav,angry
train_sound\Angry\1157_kz_beste.wav,angry
train_sound\Angry\1157_kz_bugu.wav,angry
train_sound\Angry\1157_kz_cay.wav,angry
train_sound\Angry\1157_kz_cekirge.wav,angry
train_sound\Angry\1157_kz_cene.wav,angry
train_sound\Angry\1157_kz_ceren.wav,angry
train_sound\Angry\1157_kz_cilek.wav,angry
train_sound\Angry\1157_kz_demet.wav,angry
train_sound\Angry\1157_kz_demir.wav,angry
train_sound\Angry\1157_kz_deve.wav,angry
train_sound\Angry\1157_kz_deyim.wav,angry
train_sound\Angry\1157_kz_dil.wav,angry
train_sound\Angry\1157_kz_dizge.wav,angry
train_sound\Angry\1157_kz_dugun.wav,angry
train_sound\Angry\1157_kz_eger.wav,angry
train_sound\Angry\1157_kz_elmacik.wav,angry
train_sound\Angry\1157_kz_eski.wav,angry
train_sound\Angry\1157_kz_firildak.wav,angry
train_sound\Angry\1157_kz_gezi.wav,angry
train_sound\Angry\1157_kz_gicik.wav,angry
train_sound\Angry\1157_kz_goz.wav,angry
train_sound\Angry\1157_kz_gunes.wav,angry
train_sound\Angry\1157_kz_gurbuz.wav,angry
train_sound\Angry\1157_kz_hekim.wav,angry
train_sound\Angry\1157_kz_igde.wav,angry
train_sound\Angry\1157_kz_isirgan.wav,angry
train_sound\Angry\1157_kz_japon.wav,angry
train_sound\Angry\1157_kz_kagit.wav,angry
train_sound\Angry\1157_kz_karton.wav,angry
train_sound\Angry\1157_kz_kedi.wav,angry
train_sound\Angry\1157_kz_kemik.wav,angry
train_sound\Angry\1157_kz_kibir.wav,angry
train_sound\Angry\1157_kz_kiler.wav,angry
train_sound\Angry\1157_kz_koku.wav,angry
train_sound\Angry\1157_kz_konuk.wav,angry
train_sound\Angry\1157_kz_kulac.wav,angry
train_sound\Angry\1157_kz_kusluk.wav,angry
train_sound\Angry\1157_kz_kustah.wav,angry
train_sound\Angry\1157_kz_lokma.wav,angry
train_sound\Angry\1157_kz_lufer.wav,angry
train_sound\Angry\1157_kz_melek.wav,angry
train_sound\Angry\1157_kz_mujde.wav,angry
train_sound\Angry\1157_kz_nicin.wav,angry
train_sound\Angry\1157_kz_odenek.wav,angry
train_sound\Angry\1157_kz_ogul.wav,angry
train_sound\Angry\1157_kz_okul.wav,angry
train_sound\Angry\1157_kz_olcut.wav,angry
train_sound\Angry\1157_kz_ordek.wav,angry
train_sound\Angry\1157_kz_pamuk.wav,angry
train_sound\Angry\1157_kz_pas.wav,angry
train_sound\Angry\1157_kz_pihti.wav,angry
train_sound\Angry\1157_kz_rihtim.wav,angry
train_sound\Angry\1157_kz_saf.wav,angry
train_sound\Angry\1157_kz_sarap.wav,angry
train_sound\Angry\1157_kz_sarj.wav,angry
train_sound\Angry\1157_kz_satir.wav,angry
train_sound\Angry\1157_kz_senlik.wav,angry
train_sound\Angry\1157_kz_sepet.wav,angry
train_sound\Angry\1157_kz_serin.wav,angry
train_sound\Angry\1157_kz_sevgi.wav,angry
train_sound\Angry\1157_kz_simit.wav,angry
train_sound\Angry\1157_kz_soba.wav,angry
train_sound\Angry\1157_kz_sucuk.wav,angry
train_sound\Angry\1157_kz_tahta.wav,angry
train_sound\Angry\1157_kz_tembel.wav,angry
train_sound\Angry\1157_kz_tirtil.wav,angry
train_sound\Angry\1157_kz_turev.wav,angry
train_sound\Angry\1157_kz_unlu.wav,angry
train_sound\Angry\1157_kz_utanc.wav,angry
train_sound\Angry\1157_kz_vurgu.wav,angry
train_sound\Angry\1157_kz_yanki.wav,angry
train_sound\Angry\1157_kz_yazim.wav,angry
train_sound\Angry\1157_kz_yigilmak.wav,angry
train_sound\Angry\1157_kz_yigin.wav,angry
train_sound\Angry\1157_kz_zeytin.wav,angry
train_sound\Angry\1234_kz_acik.wav,angry
train_sound\Angry\1234_kz_algi.wav,angry
train_sound\Angry\1234_kz_beste.wav,angry
train_sound\Angry\1234_kz_bugu.wav,angry
train_sound\Angry\1234_kz_cay.wav,angry
train_sound\Angry\1234_kz_cekirge.wav,angry
train_sound\Angry\1234_kz_cene.wav,angry
train_sound\Angry\1234_kz_ceren.wav,angry
train_sound\Angry\1234_kz_cilek.wav,angry
train_sound\Angry\1234_kz_defne.wav,angry
train_sound\Angry\1234_kz_demet.wav,angry
train_sound\Angry\1234_kz_demir.wav,angry
train_sound\Angry\1234_kz_deve.wav,angry
train_sound\Angry\1234_kz_deyim.wav,angry
train_sound\Angry\1234_kz_dil.wav,angry
train_sound\Angry\1234_kz_dizge.wav,angry
train_sound\Angry\1234_kz_dugun.wav,angry
train_sound\Angry\1234_kz_eger.wav,angry
train_sound\Angry\1234_kz_elmacik.wav,angry
train_sound\Angry\1234_kz_eski.wav,angry
train_sound\Angry\1234_kz_firildak.wav,angry
train_sound\Angry\1234_kz_gezi.wav,angry
train_sound\Angry\1234_kz_gicik.wav,angry
train_sound\Angry\1234_kz_goz.wav,angry
train_sound\Angry\1234_kz_gunes.wav,angry
train_sound\Angry\1234_kz_gurbuz.wav,angry
train_sound\Angry\1234_kz_hekim.wav,angry
train_sound\Angry\1234_kz_igde.wav,angry
train_sound\Angry\1234_kz_isirgan.wav,angry
train_sound\Angry\1234_kz_japon.wav,angry
train_sound\Angry\1234_kz_kagit.wav,angry
train_sound\Angry\1234_kz_karton.wav,angry
train_sound\Angry\1234_kz_kedi.wav,angry
train_sound\Angry\1234_kz_kemik.wav,angry
train_sound\Angry\1234_kz_kibir.wav,angry
train_sound\Angry\1234_kz_kiler.wav,angry
train_sound\Angry\1234_kz_kirgin.wav,angry
train_sound\Angry\1234_kz_koku.wav,angry
train_sound\Angry\1234_kz_konuk.wav,angry
train_sound\Angry\1234_kz_koy.wav,angry
train_sound\Angry\1234_kz_kulac.wav,angry
train_sound\Angry\1234_kz_kusluk.wav,angry
train_sound\Angry\1234_kz_kustah.wav,angry
train_sound\Angry\1234_kz_lokma.wav,angry
train_sound\Angry\1234_kz_lufer.wav,angry
train_sound\Angry\1234_kz_melek.wav,angry
train_sound\Angry\1234_kz_mujde.wav,angry
train_sound\Angry\1234_kz_nasil.wav,angry
train_sound\Angry\1234_kz_nicin.wav,angry
train_sound\Angry\1234_kz_odenek.wav,angry
train_sound\Angry\1234_kz_ogul.wav,angry
train_sound\Angry\1234_kz_okul.wav,angry
train_sound\Angry\1234_kz_olcut.wav,angry
train_sound\Angry\1234_kz_ordek.wav,angry
train_sound\Angry\1234_kz_orgu.wav,angry
train_sound\Angry\1234_kz_pamuk.wav,angry
train_sound\Angry\1234_kz_pas.wav,angry
train_sound\Angry\1234_kz_pihti.wav,angry
train_sound\Angry\1234_kz_rihtim.wav,angry
train_sound\Angry\1234_kz_saf.wav,angry
train_sound\Angry\1234_kz_sarap.wav,angry
train_sound\Angry\1234_kz_sarj.wav,angry
train_sound\Angry\1234_kz_satir.wav,angry
train_sound\Angry\1234_kz_senlik.wav,angry
train_sound\Angry\1234_kz_sepet.wav,angry
train_sound\Angry\1234_kz_serin.wav,angry
train_sound\Angry\1234_kz_sevgi.wav,angry
train_sound\Angry\1234_kz_simit.wav,angry
train_sound\Angry\1234_kz_soba.wav,angry
train_sound\Angry\1234_kz_sucuk.wav,angry
train_sound\Angry\1234_kz_tahta.wav,angry
train_sound\Angry\1234_kz_tembel.wav,angry
train_sound\Angry\1234_kz_tirtil.wav,angry
train_sound\Angry\1234_kz_turev.wav,angry
train_sound\Angry\1234_kz_unlu.wav,angry
train_sound\Angry\1234_kz_utanc.wav,angry
train_sound\Angry\1234_kz_vurgu.wav,angry
train_sound\Angry\1234_kz_yanki.wav,angry
train_sound\Angry\1234_kz_yazim.wav,angry
train_sound\Angry\1234_kz_yigilmak.wav,angry
train_sound\Angry\1234_kz_yigin.wav,angry
train_sound\Angry\1234_kz_zeytin.wav,angry
train_sound\Angry\1358_kz_acik.wav,angry
train_sound\Angry\1358_kz_algi.wav,angry
train_sound\Angry\1358_kz_beste.wav,angry
train_sound\Angry\1358_kz_bugu.wav,angry
train_sound\Angry\1358_kz_cay.wav,angry
train_sound\Angry\1358_kz_cekirge.wav,angry
train_sound\Angry\1358_kz_cene.wav,angry
train_sound\Angry\1358_kz_ceren.wav,angry
train_sound\Angry\1358_kz_cilek.wav,angry
train_sound\Angry\1358_kz_defne.wav,angry
train_sound\Angry\1358_kz_demet.wav,angry
train_sound\Angry\1358_kz_demir.wav,angry
train_sound\Angry\1358_kz_deve.wav,angry
train_sound\Angry\1358_kz_deyim.wav,angry
train_sound\Angry\1358_kz_dil.wav,angry
train_sound\Angry\1358_kz_dizge.wav,angry
train_sound\Angry\1358_kz_dugun.wav,angry
train_sound\Angry\1358_kz_eger.wav,angry
train_sound\Angry\1358_kz_elmacik.wav,angry
train_sound\Angry\1358_kz_eski.wav,angry
train_sound\Angry\1358_kz_firildak.wav,angry
train_sound\Angry\1358_kz_gezi.wav,angry
train_sound\Angry\1358_kz_gicik.wav,angry
train_sound\Angry\1358_kz_goz.wav,angry
train_sound\Angry\1358_kz_gunes.wav,angry
train_sound\Angry\1358_kz_gurbuz.wav,angry
train_sound\Angry\1358_kz_hekim.wav,angry
train_sound\Angry\1358_kz_igde.wav,angry
train_sound\Angry\1358_kz_isirgan.wav,angry
train_sound\Angry\1358_kz_japon.wav,angry
train_sound\Angry\1358_kz_kagit.wav,angry
train_sound\Angry\1358_kz_karton.wav,angry
train_sound\Angry\1358_kz_kedi.wav,angry
train_sound\Angry\1358_kz_kemik.wav,angry
train_sound\Angry\1358_kz_kibir.wav,angry
train_sound\Angry\1358_kz_kiler.wav,angry
train_sound\Angry\1358_kz_kirgin.wav,angry
train_sound\Angry\1358_kz_koku.wav,angry
train_sound\Angry\1358_kz_konuk.wav,angry
train_sound\Angry\1358_kz_koy.wav,angry
train_sound\Angry\1358_kz_kulac.wav,angry
train_sound\Angry\1358_kz_kusluk.wav,angry
train_sound\Angry\1358_kz_kustah.wav,angry
train_sound\Angry\1358_kz_lokma.wav,angry
train_sound\Angry\1358_kz_lufer.wav,angry
train_sound\Angry\1358_kz_melek.wav,angry
train_sound\Angry\1358_kz_mujde.wav,angry
train_sound\Angry\1358_kz_nasil.wav,angry
train_sound\Angry\1358_kz_nicin.wav,angry
train_sound\Angry\1358_kz_odenek.wav,angry
train_sound\Angry\1358_kz_ogul.wav,angry
train_sound\Angry\1358_kz_okul.wav,angry
train_sound\Angry\1358_kz_olcut.wav,angry
train_sound\Angry\1358_kz_ordek.wav,angry
train_sound\Angry\1358_kz_orgu.wav,angry
train_sound\Angry\1358_kz_pamuk.wav,angry
train_sound\Angry\1358_kz_pas.wav,angry
train_sound\Angry\1358_kz_pihti.wav,angry
train_sound\Angry\1358_kz_rihtim.wav,angry
train_sound\Angry\1358_kz_saf.wav,angry
train_sound\Angry\1358_kz_sarap.wav,angry
train_sound\Angry\1358_kz_sarj.wav,angry
train_sound\Angry\1358_kz_satir.wav,angry
train_sound\Angry\1358_kz_senlik.wav,angry
train_sound\Angry\1358_kz_sepet.wav,angry
train_sound\Angry\1358_kz_serin.wav,angry
train_sound\Angry\1358_kz_sevgi.wav,angry
train_sound\Angry\1358_kz_simit.wav,angry
train_sound\Angry\1358_kz_soba.wav,angry
train_sound\Angry\1358_kz_sucuk.wav,angry
train_sound\Angry\1358_kz_tahta.wav,angry
train_sound\Angry\1358_kz_tembel.wav,angry
train_sound\Angry\1358_kz_tirtil.wav,angry
train_sound\Angry\1358_kz_turev.wav,angry
train_sound\Angry\1358_kz_unlu.wav,angry
train_sound\Angry\1358_kz_utanc.wav,angry
train_sound\Angry\1358_kz_vurgu.wav,angry
train_sound\Angry\1358_kz_yanki.wav,angry
train_sound\Angry\1358_kz_yazim.wav,angry
train_sound\Angry\1358_kz_yigilmak.wav,angry
train_sound\Angry\1358_kz_yigin.wav,angry
train_sound\Angry\1358_kz_zeytin.wav,angry
train_sound\Angry\1984_kz_acik.wav,angry
train_sound\Angry\1984_kz_algi.wav,angry
train_sound\Angry\1984_kz_beste.wav,angry
train_sound\Angry\1984_kz_bugu.wav,angry
train_sound\Angry\1984_kz_cay.wav,angry
train_sound\Angry\1984_kz_cekirge.wav,angry
train_sound\Angry\1984_kz_cene.wav,angry
train_sound\Angry\1984_kz_ceren.wav,angry
train_sound\Angry\1984_kz_cilek.wav,angry
train_sound\Angry\1984_kz_defne.wav,angry
train_sound\Angry\1984_kz_demet.wav,angry
train_sound\Angry\1984_kz_demir.wav,angry
train_sound\Angry\1984_kz_deve.wav,angry
train_sound\Angry\1984_kz_deyim.wav,angry
train_sound\Angry\1984_kz_dil.wav,angry
train_sound\Angry\1984_kz_dizge.wav,angry
train_sound\Angry\1984_kz_dugun.wav,angry
train_sound\Angry\1984_kz_eger.wav,angry
train_sound\Angry\1984_kz_elmacik.wav,angry
train_sound\Angry\1984_kz_eski.wav,angry
train_sound\Angry\1984_kz_firildak.wav,angry
train_sound\Angry\1984_kz_gezi.wav,angry
train_sound\Angry\1984_kz_gicik.wav,angry
train_sound\Angry\1984_kz_goz.wav,angry
train_sound\Angry\1984_kz_gunes.wav,angry
train_sound\Angry\1984_kz_gurbuz.wav,angry
train_sound\Angry\1984_kz_hekim.wav,angry
train_sound\Angry\1984_kz_igde.wav,angry
train_sound\Angry\1984_kz_isirgan.wav,angry
train_sound\Angry\1984_kz_japon.wav,angry
train_sound\Angry\1984_kz_kagit.wav,angry
train_sound\Angry\1984_kz_karton.wav,angry
train_sound\Angry\1984_kz_kedi.wav,angry
train_sound\Angry\1984_kz_kemik.wav,angry
train_sound\Angry\1984_kz_kibir.wav,angry
train_sound\Angry\1984_kz_kiler.wav,angry
train_sound\Angry\1984_kz_kirgin.wav,angry
train_sound\Angry\1984_kz_koku.wav,angry
train_sound\Angry\1984_kz_konuk.wav,angry
train_sound\Angry\1984_kz_koy.wav,angry
train_sound\Angry\1984_kz_kulac.wav,angry
train_sound\Angry\1984_kz_kusluk.wav,angry
train_sound\Angry\1984_kz_kustah.wav,angry
train_sound\Angry\1984_kz_lokma.wav,angry
train_sound\Angry\1984_kz_lufer.wav,angry
train_sound\Angry\1984_kz_melek.wav,angry
train_sound\Angry\1984_kz_mujde.wav,angry
train_sound\Angry\1984_kz_nasil.wav,angry
train_sound\Angry\1984_kz_nicin.wav,angry
train_sound\Angry\1984_kz_odenek.wav,angry
train_sound\Angry\1984_kz_ogul.wav,angry
train_sound\Angry\1984_kz_okul.wav,angry
train_sound\Angry\1984_kz_olcut.wav,angry
train_sound\Angry\1984_kz_ordek.wav,angry
train_sound\Angry\1984_kz_orgu.wav,angry
train_sound\Angry\1984_kz_pamuk.wav,angry
train_sound\Angry\1984_kz_pas.wav,angry
train_sound\Angry\1984_kz_pihti.wav,angry
train_sound\Angry\1984_kz_rihtim.wav,angry
train_sound\Angry\1984_kz_saf.wav,angry
train_sound\Angry\1984_kz_sarap.wav,angry
train_sound\Angry\1984_kz_sarj.wav,angry
train_sound\Angry\1984_kz_satir.wav,angry
train_sound\Angry\1984_kz_senlik.wav,angry
train_sound\Angry\1984_kz_sepet.wav,angry
train_sound\Angry\1984_kz_serin.wav,angry
train_sound\Angry\1984_kz_sevgi.wav,angry
train_sound\Angry\1984_kz_simit.wav,angry
train_sound\Angry\1984_kz_soba.wav,angry
train_sound\Angry\1984_kz_sucuk.wav,angry
train_sound\Angry\1984_kz_tahta.wav,angry
train_sound\Angry\1984_kz_tembel.wav,angry
train_sound\Angry\1984_kz_tirtil.wav,angry
train_sound\Angry\1984_kz_turev.wav,angry
train_sound\Angry\1984_kz_unlu.wav,angry
train_sound\Angry\1984_kz_utanc.wav,angry
train_sound\Angry\1984_kz_vurgu.wav,angry
train_sound\Angry\1984_kz_yanki.wav,angry
train_sound\Angry\1984_kz_yazim.wav,angry
train_sound\Angry\1984_kz_yigilmak.wav,angry
train_sound\Angry\1984_kz_yigin.wav,angry
train_sound\Angry\1984_kz_zeytin.wav,angry
train_sound\Angry\6783_kz_acik.wav,angry
train_sound\Angry\6783_kz_algi.wav,angry
train_sound\Angry\6783_kz_beste.wav,angry
train_sound\Angry\6783_kz_bugu.wav,angry
train_sound\Angry\6783_kz_cay.wav,angry
train_sound\Angry\6783_kz_cekirge.wav,angry
train_sound\Angry\6783_kz_cene.wav,angry
train_sound\Angry\6783_kz_ceren.wav,angry
train_sound\Angry\6783_kz_cilek.wav,angry
train_sound\Angry\6783_kz_defne.wav,angry
train_sound\Angry\6783_kz_demet.wav,angry
train_sound\Angry\6783_kz_demir.wav,angry
train_sound\Angry\6783_kz_deve.wav,angry
train_sound\Angry\6783_kz_deyim.wav,angry
train_sound\Angry\6783_kz_dil.wav,angry
train_sound\Angry\6783_kz_dizge.wav,angry
train_sound\Angry\6783_kz_dugun.wav,angry
train_sound\Angry\6783_kz_eger.wav,angry
train_sound\Angry\6783_kz_elmacik.wav,angry
train_sound\Angry\6783_kz_eski.wav,angry
train_sound\Angry\6783_kz_firildak.wav,angry
train_sound\Angry\6783_kz_gezi.wav,angry
train_sound\Angry\6783_kz_gicik.wav,angry
train_sound\Angry\6783_kz_goz.wav,angry
train_sound\Angry\6783_kz_gunes.wav,angry
train_sound\Angry\6783_kz_gurbuz.wav,angry
train_sound\Angry\6783_kz_hekim.wav,angry
train_sound\Angry\6783_kz_igde.wav,angry
train_sound\Angry\6783_kz_isirgan.wav,angry
train_sound\Angry\6783_kz_japon.wav,angry
train_sound\Angry\6783_kz_kagit.wav,angry
train_sound\Angry\6783_kz_karton.wav,angry
train_sound\Angry\6783_kz_kedi.wav,angry
train_sound\Angry\6783_kz_kemik.wav,angry
train_sound\Angry\6783_kz_kibir.wav,angry
train_sound\Angry\6783_kz_kiler.wav,angry
train_sound\Angry\6783_kz_kirgin.wav,angry
train_sound\Angry\6783_kz_koku.wav,angry
train_sound\Angry\6783_kz_konuk.wav,angry
train_sound\Angry\6783_kz_koy.wav,angry
train_sound\Angry\6783_kz_kulac.wav,angry
train_sound\Angry\6783_kz_kusluk.wav,angry
train_sound\Angry\6783_kz_kustah.wav,angry
train_sound\Angry\6783_kz_lokma.wav,angry
train_sound\Angry\6783_kz_lufer.wav,angry
train_sound\Angry\6783_kz_melek.wav,angry
train_sound\Angry\6783_kz_mujde.wav,angry
train_sound\Angry\6783_kz_nasil.wav,angry
train_sound\Angry\6783_kz_nicin.wav,angry
train_sound\Angry\6783_kz_odenek.wav,angry
train_sound\Angry\6783_kz_ogul.wav,angry
train_sound\Angry\6783_kz_okul.wav,angry
train_sound\Angry\6783_kz_olcut.wav,angry
train_sound\Angry\6783_kz_ordek.wav,angry
train_sound\Angry\6783_kz_orgu.wav,angry
train_sound\Angry\6783_kz_pamuk.wav,angry
train_sound\Angry\6783_kz_pas.wav,angry
train_sound\Angry\6783_kz_pihti.wav,angry
train_sound\Angry\6783_kz_rihtim.wav,angry
train_sound\Angry\6783_kz_saf.wav,angry
train_sound\Angry\6783_kz_sarap.wav,angry
train_sound\Angry\6783_kz_sarj.wav,angry
train_sound\Angry\6783_kz_satir.wav,angry
train_sound\Angry\6783_kz_senlik.wav,angry
train_sound\Angry\6783_kz_sepet.wav,angry
train_sound\Angry\6783_kz_serin.wav,angry
train_sound\Angry\6783_kz_sevgi.wav,angry
train_sound\Angry\6783_kz_simit.wav,angry
train_sound\Angry\6783_kz_soba.wav,angry
train_sound\Angry\6783_kz_sucuk.wav,angry
train_sound\Angry\6783_kz_tahta.wav,angry
train_sound\Angry\6783_kz_tembel.wav,angry
train_sound\Angry\6783_kz_tirtil.wav,angry
train_sound\Angry\6783_kz_turev.wav,angry
train_sound\Angry\6783_kz_unlu.wav,angry
train_sound\Angry\6783_kz_utanc.wav,angry
train_sound\Angry\6783_kz_vurgu.wav,angry
train_sound\Angry\6783_kz_yanki.wav,angry
train_sound\Angry\6783_kz_yazim.wav,angry
train_sound\Angry\6783_kz_yigilmak.wav,angry
train_sound\Angry\6783_kz_yigin.wav,angry
train_sound\Angry\6783_kz_zeytin.wav,angry
train_sound\Angry\7895_kz_acik.wav,angry
train_sound\Angry\7895_kz_algi.wav,angry
train_sound\Angry\7895_kz_beste.wav,angry
train_sound\Angry\7895_kz_bugu.wav,angry
train_sound\Angry\7895_kz_cay.wav,angry
train_sound\Angry\7895_kz_cekirge.wav,angry
train_sound\Angry\7895_kz_cene.wav,angry
train_sound\Angry\7895_kz_ceren.wav,angry
train_sound\Angry\7895_kz_cilek.wav,angry
train_sound\Angry\7895_kz_defne.wav,angry
train_sound\Angry\7895_kz_demet.wav,angry
train_sound\Angry\7895_kz_demir.wav,angry
train_sound\Angry\7895_kz_deve.wav,angry
train_sound\Angry\7895_kz_deyim.wav,angry
train_sound\Angry\7895_kz_dil.wav,angry
train_sound\Angry\7895_kz_dizge.wav,angry
train_sound\Angry\7895_kz_dugun.wav,angry
train_sound\Angry\7895_kz_eger.wav,angry
train_sound\Angry\7895_kz_elmacik.wav,angry
train_sound\Angry\7895_kz_eski.wav,angry
train_sound\Angry\7895_kz_firildak.wav,angry
train_sound\Angry\7895_kz_gezi.wav,angry
train_sound\Angry\7895_kz_gicik.wav,angry
train_sound\Angry\7895_kz_goz.wav,angry
train_sound\Angry\7895_kz_gunes.wav,angry
train_sound\Angry\7895_kz_gurbuz.wav,angry
train_sound\Angry\7895_kz_hekim.wav,angry
train_sound\Angry\7895_kz_igde.wav,angry
train_sound\Angry\7895_kz_isirgan.wav,angry
train_sound\Angry\7895_kz_japon.wav,angry
train_sound\Angry\7895_kz_kagit.wav,angry
train_sound\Angry\7895_kz_karton.wav,angry
train_sound\Angry\7895_kz_kedi.wav,angry
train_sound\Angry\7895_kz_kemik.wav,angry
train_sound\Angry\7895_kz_kibir.wav,angry
train_sound\Angry\7895_kz_kiler.wav,angry
train_sound\Angry\7895_kz_kirgin.wav,angry
train_sound\Angry\7895_kz_koku.wav,angry
train_sound\Angry\7895_kz_konuk.wav,angry
train_sound\Angry\7895_kz_koy.wav,angry
train_sound\Angry\7895_kz_kulac.wav,angry
train_sound\Angry\7895_kz_kusluk.wav,angry
train_sound\Angry\7895_kz_kustah.wav,angry
train_sound\Angry\7895_kz_lokma.wav,angry
train_sound\Angry\7895_kz_lufer.wav,angry
train_sound\Angry\7895_kz_melek.wav,angry
train_sound\Angry\7895_kz_mujde.wav,angry
train_sound\Angry\7895_kz_nasil.wav,angry
train_sound\Angry\7895_kz_nicin.wav,angry
train_sound\Angry\7895_kz_odenek.wav,angry
train_sound\Angry\7895_kz_ogul.wav,angry
train_sound\Angry\7895_kz_okul.wav,angry
train_sound\Angry\7895_kz_olcut.wav,angry
train_sound\Angry\7895_kz_ordek.wav,angry
train_sound\Angry\7895_kz_orgu.wav,angry
train_sound\Angry\7895_kz_pamuk.wav,angry
train_sound\Angry\7895_kz_pas.wav,angry
train_sound\Angry\7895_kz_pihti.wav,angry
train_sound\Angry\7895_kz_rihtim.wav,angry
train_sound\Angry\7895_kz_saf.wav,angry
train_sound\Angry\7895_kz_sarap.wav,angry
train_sound\Angry\7895_kz_sarj.wav,angry
train_sound\Angry\7895_kz_satir.wav,angry
train_sound\Angry\7895_kz_senlik.wav,angry
train_sound\Angry\7895_kz_sepet.wav,angry
train_sound\Angry\7895_kz_serin.wav,angry
train_sound\Angry\7895_kz_sevgi.wav,angry
train_sound\Angry\7895_kz_simit.wav,angry
train_sound\Angry\7895_kz_soba.wav,angry
train_sound\Angry\7895_kz_sucuk.wav,angry
train_sound\Angry\7895_kz_tahta.wav,angry
train_sound\Angry\7895_kz_tembel.wav,angry
train_sound\Angry\7895_kz_tirtil.wav,angry
train_sound\Angry\7895_kz_turev.wav,angry
train_sound\Angry\7895_kz_unlu.wav,angry
train_sound\Angry\7895_kz_utanc.wav,angry
train_sound\Angry\7895_kz_vurgu.wav,angry
train_sound\Angry\7895_kz_yanki.wav,angry
train_sound\Angry\7895_kz_yazim.wav,angry
train_sound\Angry\7895_kz_yigilmak.wav,angry
train_sound\Angry\7895_kz_yigin.wav,angry
train_sound\Angry\7895_kz_zeytin.wav,angry
train_sound\Calm\1234_sk_acik.wav,calm
train_sound\Calm\1234_sk_algi.wav,calm
train_sound\Calm\1234_sk_beste.wav,calm
train_sound\Calm\1234_sk_bugu.wav,calm
train_sound\Calm\1234_sk_cay.wav,calm
train_sound\Calm\1234_sk_cekirge.wav,calm
train_sound\Calm\1234_sk_cene.wav,calm
train_sound\Calm\1234_sk_ceren.wav,calm
train_sound\Calm\1234_sk_cilek.wav,calm
train_sound\Calm\1234_sk_defne.wav,calm
train_sound\Calm\1234_sk_demet.wav,calm
train_sound\Calm\1234_sk_demir.wav,calm
train_sound\Calm\1234_sk_deve.wav,calm
train_sound\Calm\1234_sk_deyim.wav,calm
train_sound\Calm\1234_sk_dil.wav,calm
train_sound\Calm\1234_sk_dizge.wav,calm
train_sound\Calm\1234_sk_dugun.wav,calm
train_sound\Calm\1234_sk_eger.wav,calm
train_sound\Calm\1234_sk_elmacik.wav,calm
train_sound\Calm\1234_sk_eski.wav,calm
train_sound\Calm\1234_sk_firildak.wav,calm
train_sound\Calm\1234_sk_gezi.wav,calm
train_sound\Calm\1234_sk_gicik.wav,calm
train_sound\Calm\1234_sk_goz.wav,calm
train_sound\Calm\1234_sk_gunes.wav,calm
train_sound\Calm\1234_sk_gurbuz.wav,calm
train_sound\Calm\1234_sk_hekim.wav,calm
train_sound\Calm\1234_sk_igde.wav,calm
train_sound\Calm\1234_sk_isirgan.wav,calm
train_sound\Calm\1234_sk_japon.wav,calm
train_sound\Calm\1234_sk_kagit.wav,calm
train_sound\Calm\1234_sk_karton.wav,calm
train_sound\Calm\1234_sk_kedi.wav,calm
train_sound\Calm\1234_sk_kemik.wav,calm
train_sound\Calm\1234_sk_kibir.wav,calm
train_sound\Calm\1234_sk_kiler.wav,calm
train_sound\Calm\1234_sk_kirgin.wav,calm
train_sound\Calm\1234_sk_koku.wav,calm
train_sound\Calm\1234_sk_konuk.wav,calm
train_sound\Calm\1234_sk_koy.wav,calm
train_sound\Calm\1234_sk_kulac.wav,calm
train_sound\Calm\1234_sk_kusluk.wav,calm
train_sound\Calm\1234_sk_kustah.wav,calm
train_sound\Calm\1234_sk_lokma.wav,calm
train_sound\Calm\1234_sk_lufer.wav,calm
train_sound\Calm\1234_sk_melek.wav,calm
train_sound\Calm\1234_sk_mujde.wav,calm
train_sound\Calm\1234_sk_nasil.wav,calm
train_sound\Calm\1234_sk_nicin.wav,calm
train_sound\Calm\1234_sk_odenek.wav,calm
train_sound\Calm\1234_sk_ogul.wav,calm
train_sound\Calm\1234_sk_okul.wav,calm
train_sound\Calm\1234_sk_olcut.wav,calm
train_sound\Calm\1234_sk_ordek.wav,calm
train_sound\Calm\1234_sk_orgu.wav,calm
train_sound\Calm\1234_sk_pamuk.wav,calm
train_sound\Calm\1234_sk_pas.wav,calm
train_sound\Calm\1234_sk_pihti.wav,calm
train_sound\Calm\1234_sk_rihtim.wav,calm
train_sound\Calm\1234_sk_saf.wav,calm
train_sound\Calm\1234_sk_sarap.wav,calm
train_sound\Calm\1234_sk_sarj.wav,calm
train_sound\Calm\1234_sk_satir.wav,calm
train_sound\Calm\1234_sk_senlik.wav,calm
train_sound\Calm\1234_sk_sepet.wav,calm
train_sound\Calm\1234_sk_serin.wav,calm
train_sound\Calm\1234_sk_sevgi.wav,calm
train_sound\Calm\1234_sk_simit.wav,calm
train_sound\Calm\1234_sk_soba.wav,calm
train_sound\Calm\1234_sk_sucuk.wav,calm
train_sound\Calm\1234_sk_tahta.wav,calm
train_sound\Calm\1234_sk_tembel.wav,calm
train_sound\Calm\1234_sk_tirtil.wav,calm
train_sound\Calm\1234_sk_turev.wav,calm
train_sound\Calm\1234_sk_unlu.wav,calm
train_sound\Calm\1234_sk_utanc.wav,calm
train_sound\Calm\1234_sk_vurgu.wav,calm
train_sound\Calm\1234_sk_yanki.wav,calm
train_sound\Calm\1234_sk_yazim.wav,calm
train_sound\Calm\1234_sk_yigilmak.wav,calm
train_sound\Calm\1234_sk_yigin.wav,calm
train_sound\Calm\1234_sk_zeytin.wav,calm
train_sound\Calm\1358_sk_acik.wav,calm
train_sound\Calm\1358_sk_algi.wav,calm
train_sound\Calm\1358_sk_beste.wav,calm
train_sound\Calm\1358_sk_bugu.wav,calm
train_sound\Calm\1358_sk_cay.wav,calm
train_sound\Calm\1358_sk_cekirge.wav,calm
train_sound\Calm\1358_sk_cene.wav,calm
train_sound\Calm\1358_sk_ceren.wav,calm
train_sound\Calm\1358_sk_cilek.wav,calm
train_sound\Calm\1358_sk_defne.wav,calm
train_sound\Calm\1358_sk_demet.wav,calm
train_sound\Calm\1358_sk_demir.wav,calm
train_sound\Calm\1358_sk_deve.wav,calm
train_sound\Calm\1358_sk_deyim.wav,calm
train_sound\Calm\1358_sk_dil.wav,calm
train_sound\Calm\1358_sk_dizge.wav,calm
train_sound\Calm\1358_sk_dugun.wav,calm
train_sound\Calm\1358_sk_eger.wav,calm
train_sound\Calm\1358_sk_elmacik.wav,calm
train_sound\Calm\1358_sk_eski.wav,calm
train_sound\Calm\1358_sk_firildak.wav,calm
train_sound\Calm\1358_sk_gezi.wav,calm
train_sound\Calm\1358_sk_gicik.wav,calm
train_sound\Calm\1358_sk_goz.wav,calm
train_sound\Calm\1358_sk_gunes.wav,calm
train_sound\Calm\1358_sk_gurbuz.wav,calm
train_sound\Calm\1358_sk_hekim.wav,calm
train_sound\Calm\1358_sk_igde.wav,calm
train_sound\Calm\1358_sk_isirgan.wav,calm
train_sound\Calm\1358_sk_japon.wav,calm
train_sound\Calm\1358_sk_kagit.wav,calm
train_sound\Calm\1358_sk_karton.wav,calm
train_sound\Calm\1358_sk_kedi.wav,calm
train_sound\Calm\1358_sk_kemik.wav,calm
train_sound\Calm\1358_sk_kibir.wav,calm
train_sound\Calm\1358_sk_kiler.wav,calm
train_sound\Calm\1358_sk_kirgin.wav,calm
train_sound\Calm\1358_sk_koku.wav,calm
train_sound\Calm\1358_sk_konuk.wav,calm
train_sound\Calm\1358_sk_koy.wav,calm
train_sound\Calm\1358_sk_kulac.wav,calm
train_sound\Calm\1358_sk_kusluk.wav,calm
train_sound\Calm\1358_sk_kustah.wav,calm
train_sound\Calm\1358_sk_lokma.wav,calm
train_sound\Calm\1358_sk_lufer.wav,calm
train_sound\Calm\1358_sk_melek.wav,calm
train_sound\Calm\1358_sk_mujde.wav,calm
train_sound\Calm\1358_sk_nasil.wav,calm
train_sound\Calm\1358_sk_nicin.wav,calm
train_sound\Calm\1358_sk_odenek.wav,calm
train_sound\Calm\1358_sk_ogul.wav,calm
train_sound\Calm\1358_sk_okul.wav,calm
train_sound\Calm\1358_sk_olcut.wav,calm
train_sound\Calm\1358_sk_ordek.wav,calm
train_sound\Calm\1358_sk_orgu.wav,calm
train_sound\Calm\1358_sk_pamuk.wav,calm
train_sound\Calm\1358_sk_pas.wav,calm
train_sound\Calm\1358_sk_pihti.wav,calm
train_sound\Calm\1358_sk_rihtim.wav,calm
train_sound\Calm\1358_sk_saf.wav,calm
train_sound\Calm\1358_sk_sarap.wav,calm
train_sound\Calm\1358_sk_sarj.wav,calm
train_sound\Calm\1358_sk_satir.wav,calm
train_sound\Calm\1358_sk_senlik.wav,calm
train_sound\Calm\1358_sk_sepet.wav,calm
train_sound\Calm\1358_sk_serin.wav,calm
train_sound\Calm\1358_sk_sevgi.wav,calm
train_sound\Calm\1358_sk_simit.wav,calm
train_sound\Calm\1358_sk_soba.wav,calm
train_sound\Calm\1358_sk_sucuk.wav,calm
train_sound\Calm\1358_sk_tahta.wav,calm
train_sound\Calm\1358_sk_tembel.wav,calm
train_sound\Calm\1358_sk_tirtil.wav,calm
train_sound\Calm\1358_sk_turev.wav,calm
train_sound\Calm\1358_sk_unlu.wav,calm
train_sound\Calm\1358_sk_utanc.wav,calm
train_sound\Calm\1358_sk_vurgu.wav,calm
train_sound\Calm\1358_sk_yanki.wav,calm
train_sound\Calm\1358_sk_yazim.wav,calm
train_sound\Calm\1358_sk_yigilmak.wav,calm
train_sound\Calm\1358_sk_yigin.wav,calm
train_sound\Calm\1358_sk_zeytin.wav,calm
train_sound\Calm\1984_sk_acik.wav,calm
train_sound\Calm\1984_sk_algi.wav,calm
train_sound\Calm\1984_sk_beste.wav,calm
train_sound\Calm\1984_sk_bugu.wav,calm
train_sound\Calm\1984_sk_cay.wav,calm
train_sound\Calm\1984_sk_cekirge.wav,calm
train_sound\Calm\1984_sk_cene.wav,calm
train_sound\Calm\1984_sk_ceren.wav,calm
train_sound\Calm\1984_sk_cilek.wav,calm
train_sound\Calm\1984_sk_defne.wav,calm
train_sound\Calm\1984_sk_demet.wav,calm
train_sound\Calm\1984_sk_demir.wav,calm
train_sound\Calm\1984_sk_deve.wav,calm
train_sound\Calm\1984_sk_deyim.wav,calm
train_sound\Calm\1984_sk_dil.wav,calm
train_sound\Calm\1984_sk_dizge.wav,calm
train_sound\Calm\1984_sk_dugun.wav,calm
train_sound\Calm\1984_sk_eger.wav,calm
train_sound\Calm\1984_sk_elmacik.wav,calm
train_sound\Calm\1984_sk_eski.wav,calm
train_sound\Calm\1984_sk_firildak.wav,calm
train_sound\Calm\1984_sk_gezi.wav,calm
train_sound\Calm\1984_sk_gicik.wav,calm
train_sound\Calm\1984_sk_goz.wav,calm
train_sound\Calm\1984_sk_gunes.wav,calm
train_sound\Calm\1984_sk_gurbuz.wav,calm
train_sound\Calm\1984_sk_hekim.wav,calm
train_sound\Calm\1984_sk_igde.wav,calm
train_sound\Calm\1984_sk_isirgan.wav,calm
train_sound\Calm\1984_sk_japon.wav,calm
train_sound\Calm\1984_sk_kagit.wav,calm
train_sound\Calm\1984_sk_karton.wav,calm
train_sound\Calm\1984_sk_kedi.wav,calm
train_sound\Calm\1984_sk_kemik.wav,calm
train_sound\Calm\1984_sk_kibir.wav,calm
train_sound\Calm\1984_sk_kiler.wav,calm
train_sound\Calm\1984_sk_kirgin.wav,calm
train_sound\Calm\1984_sk_koku.wav,calm
train_sound\Calm\1984_sk_konuk.wav,calm
train_sound\Calm\1984_sk_koy.wav,calm
train_sound\Calm\1984_sk_kulac.wav,calm
train_sound\Calm\1984_sk_kusluk.wav,calm
train_sound\Calm\1984_sk_kustah.wav,calm
train_sound\Calm\1984_sk_lokma.wav,calm
train_sound\Calm\1984_sk_lufer.wav,calm
train_sound\Calm\1984_sk_melek.wav,calm
train_sound\Calm\1984_sk_mujde.wav,calm
train_sound\Calm\1984_sk_nasil.wav,calm
train_sound\Calm\1984_sk_nicin.wav,calm
train_sound\Calm\1984_sk_odenek.wav,calm
train_sound\Calm\1984_sk_ogul.wav,calm
train_sound\Calm\1984_sk_okul.wav,calm
train_sound\Calm\1984_sk_olcut.wav,calm
train_sound\Calm\1984_sk_ordek.wav,calm
train_sound\Calm\1984_sk_orgu.wav,calm
train_sound\Calm\1984_sk_pamuk.wav,calm
train_sound\Calm\1984_sk_pas.wav,calm
train_sound\Calm\1984_sk_pihti.wav,calm
train_sound\Calm\1984_sk_rihtim.wav,calm
train_sound\Calm\1984_sk_saf.wav,calm
train_sound\Calm\1984_sk_sarap.wav,calm
train_sound\Calm\1984_sk_sarj.wav,calm
train_sound\Calm\1984_sk_satir.wav,calm
train_sound\Calm\1984_sk_senlik.wav,calm
train_sound\Calm\1984_sk_sepet.wav,calm
train_sound\Calm\1984_sk_serin.wav,calm
train_sound\Calm\1984_sk_sevgi.wav,calm
train_sound\Calm\1984_sk_simit.wav,calm
train_sound\Calm\1984_sk_soba.wav,calm
train_sound\Calm\1984_sk_sucuk.wav,calm
train_sound\Calm\1984_sk_tahta.wav,calm
train_sound\Calm\1984_sk_tembel.wav,calm
train_sound\Calm\1984_sk_tirtil.wav,calm
train_sound\Calm\1984_sk_turev.wav,calm
train_sound\Calm\1984_sk_unlu.wav,calm
train_sound\Calm\1984_sk_utanc.wav,calm
train_sound\Calm\1984_sk_vurgu.wav,calm
train_sound\Calm\1984_sk_yanki.wav,calm
train_sound\Calm\1984_sk_yazim.wav,calm
train_sound\Calm\1984_sk_yigilmak.wav,calm
train_sound\Calm\1984_sk_yigin.wav,calm
train_sound\Calm\1984_sk_zeytin.wav,calm
train_sound\Calm\6783_sk_acik.wav,calm
train_sound\Calm\6783_sk_algi.wav,calm
train_sound\Calm\6783_sk_beste.wav,calm
train_sound\Calm\6783_sk_bugu.wav,calm
train_sound\Calm\6783_sk_cay.wav,calm
train_sound\Calm\6783_sk_cekirge.wav,calm
train_sound\Calm\6783_sk_cene.wav,calm
train_sound\Calm\6783_sk_ceren.wav,calm
train_sound\Calm\6783_sk_cilek.wav,calm
train_sound\Calm\6783_sk_defne.wav,calm
train_sound\Calm\6783_sk_demet.wav,calm
train_sound\Calm\6783_sk_demir.wav,calm
train_sound\Calm\6783_sk_deve.wav,calm
train_sound\Calm\6783_sk_deyim.wav,calm
train_sound\Calm\6783_sk_dil.wav,calm
train_sound\Calm\6783_sk_dizge.wav,calm
train_sound\Calm\6783_sk_dugun.wav,calm
train_sound\Calm\6783_sk_eger.wav,calm
train_sound\Calm\6783_sk_elmacik.wav,calm
train_sound\Calm\6783_sk_eski.wav,calm
train_sound\Calm\6783_sk_firildak.wav,calm
train_sound\Calm\6783_sk_gezi.wav,calm
train_sound\Calm\6783_sk_gicik.wav,calm
train_sound\Calm\6783_sk_goz.wav,calm
train_sound\Calm\6783_sk_gunes.wav,calm
train_sound\Calm\6783_sk_gurbuz.wav,calm
train_sound\Calm\6783_sk_hekim.wav,calm
train_sound\Calm\6783_sk_igde.wav,calm
train_sound\Calm\6783_sk_isirgan.wav,calm
train_sound\Calm\6783_sk_japon.wav,calm
train_sound\Calm\6783_sk_kagit.wav,calm
train_sound\Calm\6783_sk_karton.wav,calm
train_sound\Calm\6783_sk_kedi.wav,calm
train_sound\Calm\6783_sk_kemik.wav,calm
train_sound\Calm\6783_sk_kibir.wav,calm
train_sound\Calm\6783_sk_kiler.wav,calm
train_sound\Calm\6783_sk_kirgin.wav,calm
train_sound\Calm\6783_sk_koku.wav,calm
train_sound\Calm\6783_sk_konuk.wav,calm
train_sound\Calm\6783_sk_koy.wav,calm
train_sound\Calm\6783_sk_kulac.wav,calm
train_sound\Calm\6783_sk_kusluk.wav,calm
train_sound\Calm\6783_sk_kustah.wav,calm
train_sound\Calm\6783_sk_lokma.wav,calm
train_sound\Calm\6783_sk_lufer.wav,calm
train_sound\Calm\6783_sk_melek.wav,calm
train_sound\Calm\6783_sk_mujde.wav,calm
train_sound\Calm\6783_sk_nasil.wav,calm
train_sound\Calm\6783_sk_nicin.wav,calm
train_sound\Calm\6783_sk_odenek.wav,calm
train_sound\Calm\6783_sk_ogul.wav,calm
train_sound\Calm\6783_sk_okul.wav,calm
train_sound\Calm\6783_sk_olcut.wav,calm
train_sound\Calm\6783_sk_ordek.wav,calm
train_sound\Calm\6783_sk_orgu.wav,calm
train_sound\Calm\6783_sk_pamuk.wav,calm
train_sound\Calm\6783_sk_pas.wav,calm
train_sound\Calm\6783_sk_pihti.wav,calm
train_sound\Calm\6783_sk_rihtim.wav,calm
train_sound\Calm\6783_sk_saf.wav,calm
train_sound\Calm\6783_sk_sarap.wav,calm
train_sound\Calm\6783_sk_sarj.wav,calm
train_sound\Calm\6783_sk_satir.wav,calm
train_sound\Calm\6783_sk_senlik.wav,calm
train_sound\Calm\6783_sk_sepet.wav,calm
train_sound\Calm\6783_sk_serin.wav,calm
train_sound\Calm\6783_sk_sevgi.wav,calm
train_sound\Calm\6783_sk_simit.wav,calm
train_sound\Calm\6783_sk_soba.wav,calm
train_sound\Calm\6783_sk_sucuk.wav,calm
train_sound\Calm\6783_sk_tahta.wav,calm
train_sound\Calm\6783_sk_tembel.wav,calm
train_sound\Calm\6783_sk_tirtil.wav,calm
train_sound\Calm\6783_sk_turev.wav,calm
train_sound\Calm\6783_sk_unlu.wav,calm
train_sound\Calm\6783_sk_utanc.wav,calm
train_sound\Calm\6783_sk_vurgu.wav,calm
train_sound\Calm\6783_sk_yanki.wav,calm
train_sound\Calm\6783_sk_yazim.wav,calm
train_sound\Calm\6783_sk_yigilmak.wav,calm
train_sound\Calm\6783_sk_yigin.wav,calm
train_sound\Calm\6783_sk_zeytin.wav,calm
train_sound\Calm\7895_sk_acik.wav,calm
train_sound\Calm\7895_sk_algi.wav,calm
train_sound\Calm\7895_sk_beste.wav,calm
train_sound\Calm\7895_sk_bugu.wav,calm
train_sound\Calm\7895_sk_cay.wav,calm
train_sound\Calm\7895_sk_cekirge.wav,calm
train_sound\Calm\7895_sk_cene.wav,calm
train_sound\Calm\7895_sk_ceren.wav,calm
train_sound\Calm\7895_sk_cilek.wav,calm
train_sound\Calm\7895_sk_defne.wav,calm
train_sound\Calm\7895_sk_demet.wav,calm
train_sound\Calm\7895_sk_demir.wav,calm
train_sound\Calm\7895_sk_deve.wav,calm
train_sound\Calm\7895_sk_deyim.wav,calm
train_sound\Calm\7895_sk_dil.wav,calm
train_sound\Calm\7895_sk_dizge.wav,calm
train_sound\Calm\7895_sk_dugun.wav,calm
train_sound\Calm\7895_sk_eger.wav,calm
train_sound\Calm\7895_sk_eski.wav,calm
train_sound\Calm\7895_sk_firildak.wav,calm
train_sound\Calm\7895_sk_gezi.wav,calm
train_sound\Calm\7895_sk_gicik.wav,calm
train_sound\Calm\7895_sk_goz.wav,calm
train_sound\Calm\7895_sk_gunes.wav,calm
train_sound\Calm\7895_sk_gurbuz.wav,calm
train_sound\Calm\7895_sk_hekim.wav,calm
train_sound\Calm\7895_sk_igde.wav,calm
train_sound\Calm\7895_sk_isirgan.wav,calm
train_sound\Calm\7895_sk_japon.wav,calm
train_sound\Calm\7895_sk_kagit.wav,calm
train_sound\Calm\7895_sk_karton.wav,calm
train_sound\Calm\7895_sk_kedi.wav,calm
train_sound\Calm\7895_sk_kemik.wav,calm
train_sound\Calm\7895_sk_kibir.wav,calm
train_sound\Calm\7895_sk_kiler.wav,calm
train_sound\Calm\7895_sk_kirgin.wav,calm
train_sound\Calm\7895_sk_koku.wav,calm
train_sound\Calm\7895_sk_konuk.wav,calm
train_sound\Calm\7895_sk_koy.wav,calm
train_sound\Calm\7895_sk_kulac.wav,calm
train_sound\Calm\7895_sk_kusluk.wav,calm
train_sound\Calm\7895_sk_kustah.wav,calm
train_sound\Calm\7895_sk_lokma.wav,calm
train_sound\Calm\7895_sk_lufer.wav,calm
train_sound\Calm\7895_sk_melek.wav,calm
train_sound\Calm\7895_sk_mujde.wav,calm
train_sound\Calm\7895_sk_nasil.wav,calm
train_sound\Calm\7895_sk_nicin.wav,calm
train_sound\Calm\7895_sk_odenek.wav,calm
train_sound\Calm\7895_sk_ogul.wav,calm
train_sound\Calm\7895_sk_olcut.wav,calm
train_sound\Calm\7895_sk_ordek.wav,calm
train_sound\Calm\7895_sk_orgu.wav,calm
train_sound\Calm\7895_sk_pamuk.wav,calm
train_sound\Calm\7895_sk_pas.wav,calm
train_sound\Calm\7895_sk_pihti.wav,calm
train_sound\Calm\7895_sk_rihtim.wav,calm
train_sound\Calm\7895_sk_saf.wav,calm
train_sound\Calm\7895_sk_sarap.wav,calm
train_sound\Calm\7895_sk_sarj.wav,calm
train_sound\Calm\7895_sk_satir.wav,calm
train_sound\Calm\7895_sk_senlik.wav,calm
train_sound\Calm\7895_sk_sepet.wav,calm
train_sound\Calm\7895_sk_serin.wav,calm
train_sound\Calm\7895_sk_sevgi.wav,calm
train_sound\Calm\7895_sk_simit.wav,calm
train_sound\Calm\7895_sk_soba.wav,calm
train_sound\Calm\7895_sk_sucuk.wav,calm
train_sound\Calm\7895_sk_tahta.wav,calm
train_sound\Calm\7895_sk_tembel.wav,calm
train_sound\Calm\7895_sk_tirtil.wav,calm
train_sound\Calm\7895_sk_turev.wav,calm
train_sound\Calm\7895_sk_unlu.wav,calm
train_sound\Calm\7895_sk_utanc.wav,calm
train_sound\Calm\7895_sk_vurgu.wav,calm
train_sound\Calm\7895_sk_yanki.wav,calm
train_sound\Calm\7895_sk_yazim.wav,calm
train_sound\Calm\7895_sk_yigilmak.wav,calm
train_sound\Calm\7895_sk_yigin.wav,calm
train_sound\Calm\7895_sk_zeytin.wav,calm
train_sound\Happy\1234_mt_acik.wav,happy
train_sound\Happy\1234_mt_algi.wav,happy
train_sound\Happy\1234_mt_beste.wav,happy
train_sound\Happy\1234_mt_bugu.wav,happy
train_sound\Happy\1234_mt_cay.wav,happy
train_sound\Happy\1234_mt_cekirge.wav,happy
train_sound\Happy\1234_mt_cene.wav,happy
train_sound\Happy\1234_mt_ceren.wav,happy
train_sound\Happy\1234_mt_cilek.wav,happy
train_sound\Happy\1234_mt_defne.wav,happy
train_sound\Happy\1234_mt_demet.wav,happy
train_sound\Happy\1234_mt_demir.wav,happy
train_sound\Happy\1234_mt_deve.wav,happy
train_sound\Happy\1234_mt_deyim.wav,happy
train_sound\Happy\1234_mt_dil.wav,happy
train_sound\Happy\1234_mt_dizge.wav,happy
train_sound\Happy\1234_mt_dugun.wav,happy
train_sound\Happy\1234_mt_eger.wav,happy
train_sound\Happy\1234_mt_elmacik.wav,happy
train_sound\Happy\1234_mt_eski.wav,happy
train_sound\Happy\1234_mt_firildak.wav,happy
train_sound\Happy\1234_mt_gezi.wav,happy
train_sound\Happy\1234_mt_gicik.wav,happy
train_sound\Happy\1234_mt_goz.wav,happy
train_sound\Happy\1234_mt_gunes.wav,happy
train_sound\Happy\1234_mt_gurbuz.wav,happy
train_sound\Happy\1234_mt_hekim.wav,happy
train_sound\Happy\1234_mt_igde.wav,happy
train_sound\Happy\1234_mt_isirgan.wav,happy
train_sound\Happy\1234_mt_japon.wav,happy
train_sound\Happy\1234_mt_kagit.wav,happy
train_sound\Happy\1234_mt_karton.wav,happy
train_sound\Happy\1234_mt_kedi.wav,happy
train_sound\Happy\1234_mt_kemik.wav,happy
train_sound\Happy\1234_mt_kibir.wav,happy
train_sound\Happy\1234_mt_kiler.wav,happy
train_sound\Happy\1234_mt_kirgin.wav,happy
train_sound\Happy\1234_mt_koku.wav,happy
train_sound\Happy\1234_mt_konuk.wav,happy
train_sound\Happy\1234_mt_koy.wav,happy
train_sound\Happy\1234_mt_kulac.wav,happy
train_sound\Happy\1234_mt_kusluk.wav,happy
train_sound\Happy\1234_mt_kustah.wav,happy
train_sound\Happy\1234_mt_lokma.wav,happy
train_sound\Happy\1234_mt_lufer.wav,happy
train_sound\Happy\1234_mt_melek.wav,happy
train_sound\Happy\1234_mt_mujde.wav,happy
train_sound\Happy\1234_mt_nasil.wav,happy
train_sound\Happy\1234_mt_nicin.wav,happy
train_sound\Happy\1234_mt_odenek.wav,happy
train_sound\Happy\1234_mt_ogul.wav,happy
train_sound\Happy\1234_mt_okul.wav,happy
train_sound\Happy\1234_mt_olcut.wav,happy
train_sound\Happy\1234_mt_ordek.wav,happy
train_sound\Happy\1234_mt_orgu.wav,happy
train_sound\Happy\1234_mt_pamuk.wav,happy
train_sound\Happy\1234_mt_pas.wav,happy
train_sound\Happy\1234_mt_pihti.wav,happy
train_sound\Happy\1234_mt_rihtim.wav,happy
train_sound\Happy\1234_mt_saf.wav,happy
train_sound\Happy\1234_mt_sarap.wav,happy
train_sound\Happy\1234_mt_sarj.wav,happy
train_sound\Happy\1234_mt_satir.wav,happy
train_sound\Happy\1234_mt_senlik.wav,happy
train_sound\Happy\1234_mt_sepet.wav,happy
train_sound\Happy\1234_mt_serin.wav,happy
train_sound\Happy\1234_mt_sevgi.wav,happy
train_sound\Happy\1234_mt_simit.wav,happy
train_sound\Happy\1234_mt_soba.wav,happy
train_sound\Happy\1234_mt_sucuk.wav,happy
train_sound\Happy\1234_mt_tahta.wav,happy
train_sound\Happy\1234_mt_tembel.wav,happy
train_sound\Happy\1234_mt_tirtil.wav,happy
train_sound\Happy\1234_mt_turev.wav,happy
train_sound\Happy\1234_mt_unlu.wav,happy
train_sound\Happy\1234_mt_utanc.wav,happy
train_sound\Happy\1234_mt_vurgu.wav,happy
train_sound\Happy\1234_mt_yanki.wav,happy
train_sound\Happy\1234_mt_yazim.wav,happy
train_sound\Happy\1234_mt_yigilmak.wav,happy
train_sound\Happy\1234_mt_yigin.wav,happy
train_sound\Happy\1234_mt_zeytin.wav,happy
train_sound\Happy\1358_mt_acik.wav,happy
train_sound\Happy\1358_mt_algi.wav,happy
train_sound\Happy\1358_mt_beste.wav,happy
train_sound\Happy\1358_mt_bugu.wav,happy
train_sound\Happy\1358_mt_cay.wav,happy
train_sound\Happy\1358_mt_cekirge.wav,happy
train_sound\Happy\1358_mt_cene.wav,happy
train_sound\Happy\1358_mt_ceren.wav,happy
train_sound\Happy\1358_mt_cilek.wav,happy
train_sound\Happy\1358_mt_defne.wav,happy
train_sound\Happy\1358_mt_demet.wav,happy
train_sound\Happy\1358_mt_demir.wav,happy
train_sound\Happy\1358_mt_deve.wav,happy
train_sound\Happy\1358_mt_deyim.wav,happy
train_sound\Happy\1358_mt_dil.wav,happy
train_sound\Happy\1358_mt_dizge.wav,happy
train_sound\Happy\1358_mt_dugun.wav,happy
train_sound\Happy\1358_mt_eger.wav,happy
train_sound\Happy\1358_mt_elmacik.wav,happy
train_sound\Happy\1358_mt_eski.wav,happy
train_sound\Happy\1358_mt_firildak.wav,happy
train_sound\Happy\1358_mt_gezi.wav,happy
train_sound\Happy\1358_mt_gicik.wav,happy
train_sound\Happy\1358_mt_goz.wav,happy
train_sound\Happy\1358_mt_gunes.wav,happy
train_sound\Happy\1358_mt_gurbuz.wav,happy
train_sound\Happy\1358_mt_hekim.wav,happy
train_sound\Happy\1358_mt_igde.wav,happy
train_sound\Happy\1358_mt_isirgan.wav,happy
train_sound\Happy\1358_mt_japon.wav,happy
train_sound\Happy\1358_mt_kagit.wav,happy
train_sound\Happy\1358_mt_karton.wav,happy
train_sound\Happy\1358_mt_kedi.wav,happy
train_sound\Happy\1358_mt_kemik.wav,happy
train_sound\Happy\1358_mt_kibir.wav,happy
train_sound\Happy\1358_mt_kiler.wav,happy
train_sound\Happy\1358_mt_kirgin.wav,happy
train_sound\Happy\1358_mt_koku.wav,happy
train_sound\Happy\1358_mt_konuk.wav,happy
train_sound\Happy\1358_mt_koy.wav,happy
train_sound\Happy\1358_mt_kulac.wav,happy
train_sound\Happy\1358_mt_kusluk.wav,happy
train_sound\Happy\1358_mt_kustah.wav,happy
train_sound\Happy\1358_mt_lokma.wav,happy
train_sound\Happy\1358_mt_lufer.wav,happy
train_sound\Happy\1358_mt_melek.wav,happy
train_sound\Happy\1358_mt_mujde.wav,happy
train_sound\Happy\1358_mt_nasil.wav,happy
train_sound\Happy\1358_mt_nicin.wav,happy
train_sound\Happy\1358_mt_odenek.wav,happy
train_sound\Happy\1358_mt_ogul.wav,happy
train_sound\Happy\1358_mt_okul.wav,happy
train_sound\Happy\1358_mt_olcut.wav,happy
train_sound\Happy\1358_mt_ordek.wav,happy
train_sound\Happy\1358_mt_orgu.wav,happy
train_sound\Happy\1358_mt_pamuk.wav,happy
train_sound\Happy\1358_mt_pas.wav,happy
train_sound\Happy\1358_mt_pihti.wav,happy
train_sound\Happy\1358_mt_rihtim.wav,happy
train_sound\Happy\1358_mt_saf.wav,happy
train_sound\Happy\1358_mt_sarap.wav,happy
train_sound\Happy\1358_mt_sarj.wav,happy
train_sound\Happy\1358_mt_satir.wav,happy
train_sound\Happy\1358_mt_senlik.wav,happy
train_sound\Happy\1358_mt_sepet.wav,happy
train_sound\Happy\1358_mt_serin.wav,happy
train_sound\Happy\1358_mt_sevgi.wav,happy
train_sound\Happy\1358_mt_simit.wav,happy
train_sound\Happy\1358_mt_soba.wav,happy
train_sound\Happy\1358_mt_sucuk.wav,happy
train_sound\Happy\1358_mt_tahta.wav,happy
train_sound\Happy\1358_mt_tembel.wav,happy
train_sound\Happy\1358_mt_tirtil.wav,happy
train_sound\Happy\1358_mt_turev.wav,happy
train_sound\Happy\1358_mt_unlu.wav,happy
train_sound\Happy\1358_mt_utanc.wav,happy
train_sound\Happy\1358_mt_vurgu.wav,happy
train_sound\Happy\1358_mt_yanki.wav,happy
train_sound\Happy\1358_mt_yazim.wav,happy
train_sound\Happy\1358_mt_yigilmak.wav,happy
train_sound\Happy\1358_mt_yigin.wav,happy
train_sound\Happy\1358_mt_zeytin.wav,happy
train_sound\Happy\1984_mt_acik.wav,happy
train_sound\Happy\1984_mt_algi.wav,happy
train_sound\Happy\1984_mt_beste.wav,happy
train_sound\Happy\1984_mt_bugu.wav,happy
train_sound\Happy\1984_mt_cay.wav,happy
train_sound\Happy\1984_mt_cekirge.wav,happy
train_sound\Happy\1984_mt_cene.wav,happy
train_sound\Happy\1984_mt_ceren.wav,happy
train_sound\Happy\1984_mt_cilek.wav,happy
train_sound\Happy\1984_mt_defne.wav,happy
train_sound\Happy\1984_mt_demet.wav,happy
train_sound\Happy\1984_mt_demir.wav,happy
train_sound\Happy\1984_mt_deve.wav,happy
train_sound\Happy\1984_mt_deyim.wav,happy
train_sound\Happy\1984_mt_dil.wav,happy
train_sound\Happy\1984_mt_dizge.wav,happy
train_sound\Happy\1984_mt_dugun.wav,happy
train_sound\Happy\1984_mt_eger.wav,happy
train_sound\Happy\1984_mt_elmacik.wav,happy
train_sound\Happy\1984_mt_eski.wav,happy
train_sound\Happy\1984_mt_firildak.wav,happy
train_sound\Happy\1984_mt_gezi.wav,happy
train_sound\Happy\1984_mt_gicik.wav,happy
train_sound\Happy\1984_mt_goz.wav,happy
train_sound\Happy\1984_mt_gunes.wav,happy
train_sound\Happy\1984_mt_gurbuz.wav,happy
train_sound\Happy\1984_mt_hekim.wav,happy
train_sound\Happy\1984_mt_igde.wav,happy
train_sound\Happy\1984_mt_isirgan.wav,happy
train_sound\Happy\1984_mt_japon.wav,happy
train_sound\Happy\1984_mt_kagit.wav,happy
train_sound\Happy\1984_mt_karton.wav,happy
train_sound\Happy\1984_mt_kedi.wav,happy
train_sound\Happy\1984_mt_kemik.wav,happy
train_sound\Happy\1984_mt_kibir.wav,happy
train_sound\Happy\1984_mt_kiler.wav,happy
train_sound\Happy\1984_mt_kirgin.wav,happy
train_sound\Happy\1984_mt_koku.wav,happy
train_sound\Happy\1984_mt_konuk.wav,happy
train_sound\Happy\1984_mt_koy.wav,happy
train_sound\Happy\1984_mt_kulac.wav,happy
train_sound\Happy\1984_mt_kusluk.wav,happy
train_sound\Happy\1984_mt_kustah.wav,happy
train_sound\Happy\1984_mt_lokma.wav,happy
train_sound\Happy\1984_mt_lufer.wav,happy
train_sound\Happy\1984_mt_melek.wav,happy
train_sound\Happy\1984_mt_mujde.wav,happy
train_sound\Happy\1984_mt_nasil.wav,happy
train_sound\Happy\1984_mt_nicin.wav,happy
train_sound\Happy\1984_mt_odenek.wav,happy
train_sound\Happy\1984_mt_ogul.wav,happy
train_sound\Happy\1984_mt_okul.wav,happy
train_sound\Happy\1984_mt_olcut.wav,happy
train_sound\Happy\1984_mt_ordek.wav,happy
train_sound\Happy\1984_mt_orgu.wav,happy
train_sound\Happy\1984_mt_pamuk.wav,happy
train_sound\Happy\1984_mt_pas.wav,happy
train_sound\Happy\1984_mt_pihti.wav,happy
train_sound\Happy\1984_mt_rihtim.wav,happy
train_sound\Happy\1984_mt_saf.wav,happy
train_sound\Happy\1984_mt_sarap.wav,happy
train_sound\Happy\1984_mt_sarj.wav,happy
train_sound\Happy\1984_mt_satir.wav,happy
train_sound\Happy\1984_mt_senlik.wav,happy
train_sound\Happy\1984_mt_sepet.wav,happy
train_sound\Happy\1984_mt_serin.wav,happy
train_sound\Happy\1984_mt_sevgi.wav,happy
train_sound\Happy\1984_mt_simit.wav,happy
train_sound\Happy\1984_mt_soba.wav,happy
train_sound\Happy\1984_mt_sucuk.wav,happy
train_sound\Happy\1984_mt_tahta.wav,happy
train_sound\Happy\1984_mt_tembel.wav,happy
train_sound\Happy\1984_mt_tirtil.wav,happy
train_sound\Happy\1984_mt_turev.wav,happy
train_sound\Happy\1984_mt_unlu.wav,happy
train_sound\Happy\1984_mt_utanc.wav,happy
train_sound\Happy\1984_mt_vurgu.wav,happy
train_sound\Happy\1984_mt_yanki.wav,happy
train_sound\Happy\1984_mt_yazim.wav,happy
train_sound\Happy\1984_mt_yigilmak.wav,happy
train_sound\Happy\1984_mt_yigin.wav,happy
train_sound\Happy\1984_mt_zeytin.wav,happy
train_sound\Happy\6783_mt_acik.wav,happy
train_sound\Happy\6783_mt_algi.wav,happy
train_sound\Happy\6783_mt_beste.wav,happy
train_sound\Happy\6783_mt_bugu.wav,happy
train_sound\Happy\6783_mt_cay.wav,happy
train_sound\Happy\6783_mt_cekirge.wav,happy
train_sound\Happy\6783_mt_cene.wav,happy
train_sound\Happy\6783_mt_ceren.wav,happy
train_sound\Happy\6783_mt_cilek.wav,happy
train_sound\Happy\6783_mt_defne.wav,happy
train_sound\Happy\6783_mt_demet.wav,happy
train_sound\Happy\6783_mt_demir.wav,happy
train_sound\Happy\6783_mt_deve.wav,happy
train_sound\Happy\6783_mt_deyim.wav,happy
train_sound\Happy\6783_mt_dil.wav,happy
train_sound\Happy\6783_mt_dizge.wav,happy
train_sound\Happy\6783_mt_dugun.wav,happy
train_sound\Happy\6783_mt_eger.wav,happy
train_sound\Happy\6783_mt_elmacik.wav,happy
train_sound\Happy\6783_mt_eski.wav,happy
train_sound\Happy\6783_mt_firildak.wav,happy
train_sound\Happy\6783_mt_gezi.wav,happy
train_sound\Happy\6783_mt_gicik.wav,happy
train_sound\Happy\6783_mt_goz.wav,happy
train_sound\Happy\6783_mt_gunes.wav,happy
train_sound\Happy\6783_mt_gurbuz.wav,happy
train_sound\Happy\6783_mt_hekim.wav,happy
train_sound\Happy\6783_mt_igde.wav,happy
train_sound\Happy\6783_mt_isirgan.wav,happy
train_sound\Happy\6783_mt_japon.wav,happy
train_sound\Happy\6783_mt_kagit.wav,happy
train_sound\Happy\6783_mt_karton.wav,happy
train_sound\Happy\6783_mt_kedi.wav,happy
train_sound\Happy\6783_mt_kemik.wav,happy
train_sound\Happy\6783_mt_kibir.wav,happy
train_sound\Happy\6783_mt_kiler.wav,happy
train_sound\Happy\6783_mt_kirgin.wav,happy
train_sound\Happy\6783_mt_koku.wav,happy
train_sound\Happy\6783_mt_konuk.wav,happy
train_sound\Happy\6783_mt_koy.wav,happy
train_sound\Happy\6783_mt_kulac.wav,happy
train_sound\Happy\6783_mt_kusluk.wav,happy
train_sound\Happy\6783_mt_kustah.wav,happy
train_sound\Happy\6783_mt_lokma.wav,happy
train_sound\Happy\6783_mt_lufer.wav,happy
train_sound\Happy\6783_mt_melek.wav,happy
train_sound\Happy\6783_mt_mujde.wav,happy
train_sound\Happy\6783_mt_nasil.wav,happy
train_sound\Happy\6783_mt_nicin.wav,happy
train_sound\Happy\6783_mt_odenek.wav,happy
train_sound\Happy\6783_mt_ogul.wav,happy
train_sound\Happy\6783_mt_okul.wav,happy
train_sound\Happy\6783_mt_olcut.wav,happy
train_sound\Happy\6783_mt_ordek.wav,happy
train_sound\Happy\6783_mt_orgu.wav,happy
train_sound\Happy\6783_mt_pamuk.wav,happy
train_sound\Happy\6783_mt_pas.wav,happy
train_sound\Happy\6783_mt_pihti.wav,happy
train_sound\Happy\6783_mt_rihtim.wav,happy
train_sound\Happy\6783_mt_saf.wav,happy
train_sound\Happy\6783_mt_sarap.wav,happy
train_sound\Happy\6783_mt_sarj.wav,happy
train_sound\Happy\6783_mt_satir.wav,happy
train_sound\Happy\6783_mt_senlik.wav,happy
train_sound\Happy\6783_mt_sepet.wav,happy
train_sound\Happy\6783_mt_serin.wav,happy
train_sound\Happy\6783_mt_sevgi.wav,happy
train_sound\Happy\6783_mt_simit.wav,happy
train_sound\Happy\6783_mt_soba.wav,happy
train_sound\Happy\6783_mt_sucuk.wav,happy
train_sound\Happy\6783_mt_tahta.wav,happy
train_sound\Happy\6783_mt_tembel.wav,happy
train_sound\Happy\6783_mt_tirtil.wav,happy
train_sound\Happy\6783_mt_turev.wav,happy
train_sound\Happy\6783_mt_unlu.wav,happy
train_sound\Happy\6783_mt_utanc.wav,happy
train_sound\Happy\6783_mt_vurgu.wav,happy
train_sound\Happy\6783_mt_yanki.wav,happy
train_sound\Happy\6783_mt_yazim.wav,happy
train_sound\Happy\6783_mt_yigilmak.wav,happy
train_sound\Happy\6783_mt_yigin.wav,happy
train_sound\Happy\6783_mt_zeytin.wav,happy
train_sound\Happy\7895_mt_bugu.wav,happy
train_sound\Happy\7895_mt_cene.wav,happy
train_sound\Happy\7895_mt_cilek.wav,happy
train_sound\Happy\7895_mt_demir.wav,happy
train_sound\Happy\7895_mt_dizge.wav,happy
train_sound\Happy\7895_mt_eski.wav,happy
train_sound\Happy\7895_mt_gunes.wav,happy
train_sound\Happy\7895_mt_hekim.wav,happy
train_sound\Happy\7895_mt_kemik.wav,happy
train_sound\Happy\7895_mt_kibir.wav,happy
train_sound\Happy\7895_mt_kirgin.wav,happy
train_sound\Happy\7895_mt_konuk.wav,happy
train_sound\Happy\7895_mt_kulac.wav,happy
train_sound\Happy\7895_mt_kusluk.wav,happy
train_sound\Happy\7895_mt_kustah.wav,happy
train_sound\Happy\7895_mt_lufer.wav,happy
train_sound\Happy\7895_mt_melek.wav,happy
train_sound\Happy\7895_mt_nasil.wav,happy
train_sound\Happy\7895_mt_ogul.wav,happy
train_sound\Happy\7895_mt_okul.wav,happy
train_sound\Happy\7895_mt_pas.wav,happy
train_sound\Happy\7895_mt_satir.wav,happy
train_sound\Happy\7895_mt_sevgi.wav,happy
train_sound\Happy\7895_mt_sucuk.wav,happy
train_sound\Happy\7895_mt_tembel.wav,happy
train_sound\Happy\7895_mt_turev.wav,happy
train_sound\Happy\7895_mt_unlu.wav,happy
train_sound\Happy\7895_mt_utanc.wav,happy
train_sound\Happy\7895_mt_yazim.wav,happy
train_sound\Sad\1157_hl_acik.wav,sad
train_sound\Sad\1157_hl_algi.wav,sad
train_sound\Sad\1157_hl_beste.wav,sad
train_sound\Sad\1157_hl_bugu.wav,sad
train_sound\Sad\1157_hl_cay.wav,sad
train_sound\Sad\1157_hl_cene.wav,sad
train_sound\Sad\1157_hl_cilek.wav,sad
train_sound\Sad\1157_hl_defne.wav,sad
train_sound\Sad\1157_hl_demet.wav,sad
train_sound\Sad\1157_hl_deyim.wav,sad
train_sound\Sad\1157_hl_dil.wav,sad
train_sound\Sad\1157_hl_dizge.wav,sad
train_sound\Sad\1157_hl_dugun.wav,sad
train_sound\Sad\1157_hl_eger.wav,sad
train_sound\Sad\1157_hl_elmacik.wav,sad
train_sound\Sad\1157_hl_eski.wav,sad
train_sound\Sad\1157_hl_firildak.wav,sad
train_sound\Sad\1157_hl_gezi.wav,sad
train_sound\Sad\1157_hl_gicik.wav,sad
train_sound\Sad\1157_hl_goz.wav,sad
train_sound\Sad\1157_hl_gunes.wav,sad
train_sound\Sad\1157_hl_gurbuz.wav,sad
train_sound\Sad\1157_hl_hekim.wav,sad
train_sound\Sad\1157_hl_igde.wav,sad
train_sound\Sad\1157_hl_isirgan.wav,sad
train_sound\Sad\1157_hl_japon.wav,sad
train_sound\Sad\1157_hl_kagit.wav,sad
train_sound\Sad\1157_hl_karton.wav,sad
train_sound\Sad\1157_hl_kedi.wav,sad
train_sound\Sad\1157_hl_kemik.wav,sad
train_sound\Sad\1157_hl_kibir.wav,sad
train_sound\Sad\1157_hl_kiler.wav,sad
train_sound\Sad\1157_hl_kirgin.wav,sad
train_sound\Sad\1157_hl_koku.wav,sad
train_sound\Sad\1157_hl_konuk.wav,sad
train_sound\Sad\1157_hl_koy.wav,sad
train_sound\Sad\1157_hl_kulac.wav,sad
train_sound\Sad\1157_hl_kusluk.wav,sad
train_sound\Sad\1157_hl_kustah.wav,sad
train_sound\Sad\1157_hl_lokma.wav,sad
train_sound\Sad\1157_hl_lufer.wav,sad
train_sound\Sad\1157_hl_melek.wav,sad
train_sound\Sad\1157_hl_mujde.wav,sad
train_sound\Sad\1157_hl_nasil.wav,sad
train_sound\Sad\1157_hl_nicin.wav,sad
train_sound\Sad\1157_hl_odenek.wav,sad
train_sound\Sad\1157_hl_ogul.wav,sad
train_sound\Sad\1157_hl_orgu.wav,sad
train_sound\Sad\1157_hl_pamuk.wav,sad
train_sound\Sad\1157_hl_pas.wav,sad
train_sound\Sad\1157_hl_pihti.wav,sad
train_sound\Sad\1157_hl_rihtim.wav,sad
train_sound\Sad\1157_hl_saf.wav,sad
train_sound\Sad\1157_hl_sarj.wav,sad
train_sound\Sad\1157_hl_satir.wav,sad
train_sound\Sad\1157_hl_sepet.wav,sad
train_sound\Sad\1157_hl_serin.wav,sad
train_sound\Sad\1157_hl_sevgi.wav,sad
train_sound\Sad\1157_hl_simit.wav,sad
train_sound\Sad\1157_hl_soba.wav,sad
train_sound\Sad\1157_hl_sucuk.wav,sad
train_sound\Sad\1157_hl_tahta.wav,sad
train_sound\Sad\1157_hl_tembel.wav,sad
train_sound\Sad\1157_hl_tirtil.wav,sad
train_sound\Sad\1157_hl_turev.wav,sad
train_sound\Sad\1157_hl_unlu.wav,sad
train_sound\Sad\1157_hl_utanc.wav,sad
train_sound\Sad\1157_hl_vurgu.wav,sad
train_sound\Sad\1157_hl_yanki.wav,sad
train_sound\Sad\1157_hl_yazim.wav,sad
train_sound\Sad\1157_hl_yigilmak.wav,sad
train_sound\Sad\1157_hl_yigin.wav,sad
train_sound\Sad\1157_hl_zeytin.wav,sad
train_sound\Sad\1234_hl_acik.wav,sad
train_sound\Sad\1234_hl_algi.wav,sad
train_sound\Sad\1234_hl_beste.wav,sad
train_sound\Sad\1234_hl_bugu.wav,sad
train_sound\Sad\1234_hl_cay.wav,sad
train_sound\Sad\1234_hl_cekirge.wav,sad
train_sound\Sad\1234_hl_cene.wav,sad
train_sound\Sad\1234_hl_ceren.wav,sad
train_sound\Sad\1234_hl_cilek.wav,sad
train_sound\Sad\1234_hl_defne.wav,sad
train_sound\Sad\1234_hl_demet.wav,sad
train_sound\Sad\1234_hl_demir.wav,sad
train_sound\Sad\1234_hl_deve.wav,sad
train_sound\Sad\1234_hl_deyim.wav,sad
train_sound\Sad\1234_hl_dil.wav,sad
train_sound\Sad\1234_hl_dizge.wav,sad
train_sound\Sad\1234_hl_dugun.wav,sad
train_sound\Sad\1234_hl_eger.wav,sad
train_sound\Sad\1234_hl_elmacik.wav,sad
train_sound\Sad\1234_hl_eski.wav,sad
train_sound\Sad\1234_hl_firildak.wav,sad
train_sound\Sad\1234_hl_gezi.wav,sad
train_sound\Sad\1234_hl_gicik.wav,sad
train_sound\Sad\1234_hl_goz.wav,sad
train_sound\Sad\1234_hl_gunes.wav,sad
train_sound\Sad\1234_hl_gurbuz.wav,sad
train_sound\Sad\1234_hl_hekim.wav,sad
train_sound\Sad\1234_hl_igde.wav,sad
train_sound\Sad\1234_hl_isirgan.wav,sad
train_sound\Sad\1234_hl_japon.wav,sad
train_sound\Sad\1234_hl_kagit.wav,sad
train_sound\Sad\1234_hl_karton.wav,sad
train_sound\Sad\1234_hl_kedi.wav,sad
train_sound\Sad\1234_hl_kemik.wav,sad
train_sound\Sad\1234_hl_kibir.wav,sad
train_sound\Sad\1234_hl_kiler.wav,sad
train_sound\Sad\1234_hl_kirgin.wav,sad
train_sound\Sad\1234_hl_koku.wav,sad
train_sound\Sad\1234_hl_konuk.wav,sad
train_sound\Sad\1234_hl_koy.wav,sad
train_sound\Sad\1234_hl_kulac.wav,sad
train_sound\Sad\1234_hl_kusluk.wav,sad
train_sound\Sad\1234_hl_kustah.wav,sad
train_sound\Sad\1234_hl_lokma.wav,sad
train_sound\Sad\1234_hl_lufer.wav,sad
train_sound\Sad\1234_hl_melek.wav,sad
train_sound\Sad\1234_hl_mujde.wav,sad
train_sound\Sad\1234_hl_nasil.wav,sad
train_sound\Sad\1234_hl_nicin.wav,sad
train_sound\Sad\1234_hl_odenek.wav,sad
train_sound\Sad\1234_hl_ogul.wav,sad
train_sound\Sad\1234_hl_okul.wav,sad
train_sound\Sad\1234_hl_olcut.wav,sad
train_sound\Sad\1234_hl_ordek.wav,sad
train_sound\Sad\1234_hl_orgu.wav,sad
train_sound\Sad\1234_hl_pamuk.wav,sad
train_sound\Sad\1234_hl_pas.wav,sad
train_sound\Sad\1234_hl_pihti.wav,sad
train_sound\Sad\1234_hl_rihtim.wav,sad
train_sound\Sad\1234_hl_saf.wav,sad
train_sound\Sad\1234_hl_sarap.wav,sad
train_sound\Sad\1234_hl_sarj.wav,sad
train_sound\Sad\1234_hl_satir.wav,sad
train_sound\Sad\1234_hl_senlik.wav,sad
train_sound\Sad\1234_hl_sepet.wav,sad
train_sound\Sad\1234_hl_serin.wav,sad
train_sound\Sad\1234_hl_sevgi.wav,sad
train_sound\Sad\1234_hl_simit.wav,sad
train_sound\Sad\1234_hl_soba.wav,sad
train_sound\Sad\1234_hl_sucuk.wav,sad
train_sound\Sad\1234_hl_tahta.wav,sad
train_sound\Sad\1234_hl_tembel.wav,sad
train_sound\Sad\1234_hl_tirtil.wav,sad
train_sound\Sad\1234_hl_turev.wav,sad
train_sound\Sad\1234_hl_unlu.wav,sad
train_sound\Sad\1234_hl_utanc.wav,sad
train_sound\Sad\1234_hl_vurgu.wav,sad
train_sound\Sad\1234_hl_yanki.wav,sad
train_sound\Sad\1234_hl_yazim.wav,sad
train_sound\Sad\1234_hl_yigilmak.wav,sad
train_sound\Sad\1234_hl_yigin.wav,sad
train_sound\Sad\1234_hl_zeytin.wav,sad
train_sound\Sad\1358_hl_acik.wav,sad
train_sound\Sad\1358_hl_algi.wav,sad
train_sound\Sad\1358_hl_beste.wav,sad
train_sound\Sad\1358_hl_bugu.wav,sad
train_sound\Sad\1358_hl_cay.wav,sad
train_sound\Sad\1358_hl_cekirge.wav,sad
train_sound\Sad\1358_hl_cene.wav,sad
train_sound\Sad\1358_hl_ceren.wav,sad
train_sound\Sad\1358_hl_cilek.wav,sad
train_sound\Sad\1358_hl_defne.wav,sad
train_sound\Sad\1358_hl_demet.wav,sad
train_sound\Sad\1358_hl_demir.wav,sad
train_sound\Sad\1358_hl_deve.wav,sad
train_sound\Sad\1358_hl_deyim.wav,sad
train_sound\Sad\1358_hl_dil.wav,sad
train_sound\Sad\1358_hl_dizge.wav,sad
train_sound\Sad\1358_hl_dugun.wav,sad
train_sound\Sad\1358_hl_eger.wav,sad
train_sound\Sad\1358_hl_elmacik.wav,sad
train_sound\Sad\1358_hl_eski.wav,sad
train_sound\Sad\1358_hl_firildak.wav,sad
train_sound\Sad\1358_hl_gezi.wav,sad
train_sound\Sad\1358_hl_gicik.wav,sad
train_sound\Sad\1358_hl_goz.wav,sad
train_sound\Sad\1358_hl_gunes.wav,sad
train_sound\Sad\1358_hl_gurbuz.wav,sad
train_sound\Sad\1358_hl_hekim.wav,sad
train_sound\Sad\1358_hl_igde.wav,sad
train_sound\Sad\1358_hl_isirgan.wav,sad
train_sound\Sad\1358_hl_japon.wav,sad
train_sound\Sad\1358_hl_kagit.wav,sad
train_sound\Sad\1358_hl_karton.wav,sad
train_sound\Sad\1358_hl_kedi.wav,sad
train_sound\Sad\1358_hl_kemik.wav,sad
train_sound\Sad\1358_hl_kibir.wav,sad
train_sound\Sad\1358_hl_kiler.wav,sad
train_sound\Sad\1358_hl_kirgin.wav,sad
train_sound\Sad\1358_hl_koku.wav,sad
train_sound\Sad\1358_hl_konuk.wav,sad
train_sound\Sad\1358_hl_koy.wav,sad
train_sound\Sad\1358_hl_kulac.wav,sad
train_sound\Sad\1358_hl_kusluk.wav,sad
train_sound\Sad\1358_hl_kustah.wav,sad
train_sound\Sad\1358_hl_lokma.wav,sad
train_sound\Sad\1358_hl_lufer.wav,sad
train_sound\Sad\1358_hl_melek.wav,sad
train_sound\Sad\1358_hl_mujde.wav,sad
train_sound\Sad\1358_hl_nasil.wav,sad
train_sound\Sad\1358_hl_nicin.wav,sad
train_sound\Sad\1358_hl_odenek.wav,sad
train_sound\Sad\1358_hl_ogul.wav,sad
train_sound\Sad\1358_hl_okul.wav,sad
train_sound\Sad\1358_hl_olcut.wav,sad
train_sound\Sad\1358_hl_ordek.wav,sad
train_sound\Sad\1358_hl_orgu.wav,sad
train_sound\Sad\1358_hl_pamuk.wav,sad
train_sound\Sad\1358_hl_pas.wav,sad
train_sound\Sad\1358_hl_pihti.wav,sad
train_sound\Sad\1358_hl_rihtim.wav,sad
train_sound\Sad\1358_hl_saf.wav,sad
train_sound\Sad\1358_hl_sarap.wav,sad
train_sound\Sad\1358_hl_sarj.wav,sad
train_sound\Sad\1358_hl_satir.wav,sad
train_sound\Sad\1358_hl_senlik.wav,sad
train_sound\Sad\1358_hl_sepet.wav,sad
train_sound\Sad\1358_hl_serin.wav,sad
train_sound\Sad\1358_hl_sevgi.wav,sad
train_sound\Sad\1358_hl_simit.wav,sad
train_sound\Sad\1358_hl_soba.wav,sad
train_sound\Sad\1358_hl_sucuk.wav,sad
train_sound\Sad\1358_hl_tahta.wav,sad
train_sound\Sad\1358_hl_tembel.wav,sad
train_sound\Sad\1358_hl_tirtil.wav,sad
train_sound\Sad\1358_hl_turev.wav,sad
train_sound\Sad\1358_hl_unlu.wav,sad
train_sound\Sad\1358_hl_utanc.wav,sad
train_sound\Sad\1358_hl_vurgu.wav,sad
train_sound\Sad\1358_hl_yanki.wav,sad
train_sound\Sad\1358_hl_yazim.wav,sad
train_sound\Sad\1358_hl_yigilmak.wav,sad
train_sound\Sad\1358_hl_yigin.wav,sad
train_sound\Sad\1358_hl_zeytin.wav,sad
train_sound\Sad\1984_hl_acik.wav,sad
train_sound\Sad\1984_hl_algi.wav,sad
train_sound\Sad\1984_hl_beste.wav,sad
train_sound\Sad\1984_hl_bugu.wav,sad
train_sound\Sad\1984_hl_cay.wav,sad
train_sound\Sad\1984_hl_cekirge.wav,sad
train_sound\Sad\1984_hl_cene.wav,sad
train_sound\Sad\1984_hl_ceren.wav,sad
train_sound\Sad\1984_hl_cilek.wav,sad
train_sound\Sad\1984_hl_defne.wav,sad
train_sound\Sad\1984_hl_demet.wav,sad
train_sound\Sad\1984_hl_demir.wav,sad
train_sound\Sad\1984_hl_deve.wav,sad
train_sound\Sad\1984_hl_deyim.wav,sad
train_sound\Sad\1984_hl_dil.wav,sad
train_sound\Sad\1984_hl_dizge.wav,sad
train_sound\Sad\1984_hl_dugun.wav,sad
train_sound\Sad\1984_hl_eger.wav,sad
train_sound\Sad\1984_hl_elmacik.wav,sad
train_sound\Sad\1984_hl_eski.wav,sad
train_sound\Sad\1984_hl_firildak.wav,sad
train_sound\Sad\1984_hl_gezi.wav,sad
train_sound\Sad\1984_hl_gicik.wav,sad
train_sound\Sad\1984_hl_goz.wav,sad
train_sound\Sad\1984_hl_gunes.wav,sad
train_sound\Sad\1984_hl_gurbuz.wav,sad
train_sound\Sad\1984_hl_hekim.wav,sad
train_sound\Sad\1984_hl_igde.wav,sad
train_sound\Sad\1984_hl_isirgan.wav,sad
train_sound\Sad\1984_hl_japon.wav,sad
train_sound\Sad\1984_hl_kagit.wav,sad
train_sound\Sad\1984_hl_karton.wav,sad
train_sound\Sad\1984_hl_kedi.wav,sad
train_sound\Sad\1984_hl_kemik.wav,sad
train_sound\Sad\1984_hl_kibir.wav,sad
train_sound\Sad\1984_hl_kiler.wav,sad
train_sound\Sad\1984_hl_kirgin.wav,sad
train_sound\Sad\1984_hl_koku.wav,sad
train_sound\Sad\1984_hl_konuk.wav,sad
train_sound\Sad\1984_hl_koy.wav,sad
train_sound\Sad\1984_hl_kulac.wav,sad
train_sound\Sad\1984_hl_kusluk.wav,sad
train_sound\Sad\1984_hl_kustah.wav,sad
train_sound\Sad\1984_hl_lokma.wav,sad
train_sound\Sad\1984_hl_lufer.wav,sad
train_sound\Sad\1984_hl_melek.wav,sad
train_sound\Sad\1984_hl_mujde.wav,sad
train_sound\Sad\1984_hl_nasil.wav,sad
train_sound\Sad\1984_hl_nicin.wav,sad
train_sound\Sad\1984_hl_odenek.wav,sad
train_sound\Sad\1984_hl_ogul.wav,sad
train_sound\Sad\1984_hl_okul.wav,sad
train_sound\Sad\1984_hl_olcut.wav,sad
train_sound\Sad\1984_hl_ordek.wav,sad
train_sound\Sad\1984_hl_orgu.wav,sad
train_sound\Sad\1984_hl_pamuk.wav,sad
train_sound\Sad\1984_hl_pas.wav,sad
train_sound\Sad\1984_hl_pihti.wav,sad
train_sound\Sad\1984_hl_rihtim.wav,sad
train_sound\Sad\1984_hl_saf.wav,sad
train_sound\Sad\1984_hl_sarap.wav,sad
train_sound\Sad\1984_hl_sarj.wav,sad
train_sound\Sad\1984_hl_satir.wav,sad
train_sound\Sad\1984_hl_senlik.wav,sad
train_sound\Sad\1984_hl_sepet.wav,sad
train_sound\Sad\1984_hl_serin.wav,sad
train_sound\Sad\1984_hl_sevgi.wav,sad
train_sound\Sad\1984_hl_simit.wav,sad
train_sound\Sad\1984_hl_soba.wav,sad
train_sound\Sad\1984_hl_sucuk.wav,sad
train_sound\Sad\1984_hl_tahta.wav,sad
train_sound\Sad\1984_hl_tembel.wav,sad
train_sound\Sad\1984_hl_tirtil.wav,sad
train_sound\Sad\1984_hl_turev.wav,sad
train_sound\Sad\1984_hl_unlu.wav,sad
train_sound\Sad\1984_hl_utanc.wav,sad
train_sound\Sad\1984_hl_vurgu.wav,sad
train_sound\Sad\1984_hl_yanki.wav,sad
train_sound\Sad\1984_hl_yazim.wav,sad
train_sound\Sad\1984_hl_yigilmak.wav,sad
train_sound\Sad\1984_hl_yigin.wav,sad
train_sound\Sad\1984_hl_zeytin.wav,sad
train_sound\Sad\6783_hl_acik.wav,sad
train_sound\Sad\6783_hl_algi.wav,sad
train_sound\Sad\6783_hl_beste.wav,sad
train_sound\Sad\6783_hl_bugu.wav,sad
train_sound\Sad\6783_hl_cay.wav,sad
train_sound\Sad\6783_hl_cekirge.wav,sad
train_sound\Sad\6783_hl_cene.wav,sad
train_sound\Sad\6783_hl_ceren.wav,sad
train_sound\Sad\6783_hl_cilek.wav,sad
train_sound\Sad\6783_hl_defne.wav,sad
train_sound\Sad\6783_hl_demet.wav,sad
train_sound\Sad\6783_hl_demir.wav,sad
train_sound\Sad\6783_hl_deve.wav,sad
train_sound\Sad\6783_hl_deyim.wav,sad
train_sound\Sad\6783_hl_dil.wav,sad
train_sound\Sad\6783_hl_dizge.wav,sad
train_sound\Sad\6783_hl_dugun.wav,sad
train_sound\Sad\6783_hl_eger.wav,sad
train_sound\Sad\6783_hl_elmacik.wav,sad
train_sound\Sad\6783_hl_eski.wav,sad
train_sound\Sad\6783_hl_firildak.wav,sad
train_sound\Sad\6783_hl_gezi.wav,sad
train_sound\Sad\6783_hl_gicik.wav,sad
train_sound\Sad\6783_hl_goz.wav,sad
train_sound\Sad\6783_hl_gunes.wav,sad
train_sound\Sad\6783_hl_gurbuz.wav,sad
train_sound\Sad\6783_hl_hekim.wav,sad
train_sound\Sad\6783_hl_igde.wav,sad
train_sound\Sad\6783_hl_isirgan.wav,sad
train_sound\Sad\6783_hl_japon.wav,sad
train_sound\Sad\6783_hl_kagit.wav,sad
train_sound\Sad\6783_hl_karton.wav,sad
train_sound\Sad\6783_hl_kedi.wav,sad
train_sound\Sad\6783_hl_kemik.wav,sad
train_sound\Sad\6783_hl_kibir.wav,sad
train_sound\Sad\6783_hl_kiler.wav,sad
train_sound\Sad\6783_hl_kirgin.wav,sad
train_sound\Sad\6783_hl_koku.wav,sad
train_sound\Sad\6783_hl_konuk.wav,sad
train_sound\Sad\6783_hl_koy.wav,sad
train_sound\Sad\6783_hl_kulac.wav,sad
train_sound\Sad\6783_hl_kusluk.wav,sad
train_sound\Sad\6783_hl_kustah.wav,sad
train_sound\Sad\6783_hl_lokma.wav,sad
train_sound\Sad\6783_hl_lufer.wav,sad
train_sound\Sad\6783_hl_melek.wav,sad
train_sound\Sad\6783_hl_mujde.wav,sad
train_sound\Sad\6783_hl_nasil.wav,sad
train_sound\Sad\6783_hl_nicin.wav,sad
train_sound\Sad\6783_hl_odenek.wav,sad
train_sound\Sad\6783_hl_ogul.wav,sad
train_sound\Sad\6783_hl_okul.wav,sad
train_sound\Sad\6783_hl_olcut.wav,sad
train_sound\Sad\6783_hl_ordek.wav,sad
train_sound\Sad\6783_hl_orgu.wav,sad
train_sound\Sad\6783_hl_pamuk.wav,sad
train_sound\Sad\6783_hl_pas.wav,sad
train_sound\Sad\6783_hl_pihti.wav,sad
train_sound\Sad\6783_hl_rihtim.wav,sad
train_sound\Sad\6783_hl_saf.wav,sad
train_sound\Sad\6783_hl_sarap.wav,sad
train_sound\Sad\6783_hl_sarj.wav,sad
train_sound\Sad\6783_hl_satir.wav,sad
train_sound\Sad\6783_hl_senlik.wav,sad
train_sound\Sad\6783_hl_sepet.wav,sad
train_sound\Sad\6783_hl_serin.wav,sad
train_sound\Sad\6783_hl_sevgi.wav,sad
train_sound\Sad\6783_hl_simit.wav,sad
train_sound\Sad\6783_hl_soba.wav,sad
train_sound\Sad\6783_hl_sucuk.wav,sad
train_sound\Sad\6783_hl_tahta.wav,sad
train_sound\Sad\6783_hl_tembel.wav,sad
train_sound\Sad\6783_hl_tirtil.wav,sad
train_sound\Sad\6783_hl_turev.wav,sad
train_sound\Sad\6783_hl_unlu.wav,sad
train_sound\Sad\6783_hl_utanc.wav,sad
train_sound\Sad\6783_hl_vurgu.wav,sad
train_sound\Sad\6783_hl_yanki.wav,sad
train_sound\Sad\6783_hl_yazim.wav,sad
train_sound\Sad\6783_hl_yigilmak.wav,sad
train_sound\Sad\6783_hl_yigin.wav,sad
train_sound\Sad\6783_hl_zeytin.wav,sad
train_sound\Sad\7895_hl_acik.wav,sad
train_sound\Sad\7895_hl_algi.wav,sad
train_sound\Sad\7895_hl_beste.wav,sad
train_sound\Sad\7895_hl_bugu.wav,sad
train_sound\Sad\7895_hl_cay.wav,sad
train_sound\Sad\7895_hl_cekirge.wav,sad
train_sound\Sad\7895_hl_cene.wav,sad
train_sound\Sad\7895_hl_ceren.wav,sad
train_sound\Sad\7895_hl_cilek.wav,sad
train_sound\Sad\7895_hl_defne.wav,sad
train_sound\Sad\7895_hl_demet.wav,sad
train_sound\Sad\7895_hl_demir.wav,sad
train_sound\Sad\7895_hl_deve.wav,sad
train_sound\Sad\7895_hl_deyim.wav,sad
train_sound\Sad\7895_hl_dil.wav,sad
train_sound\Sad\7895_hl_dizge.wav,sad
train_sound\Sad\7895_hl_dugun.wav,sad
train_sound\Sad\7895_hl_eger.wav,sad
train_sound\Sad\7895_hl_elmacik.wav,sad
train_sound\Sad\7895_hl_eski.wav,sad
train_sound\Sad\7895_hl_firildak.wav,sad
train_sound\Sad\7895_hl_gezi.wav,sad
train_sound\Sad\7895_hl_gicik.wav,sad
train_sound\Sad\7895_hl_goz.wav,sad
train_sound\Sad\7895_hl_gunes.wav,sad
train_sound\Sad\7895_hl_gurbuz.wav,sad
train_sound\Sad\7895_hl_hekim.wav,sad
train_sound\Sad\7895_hl_igde.wav,sad
train_sound\Sad\7895_hl_isirgan.wav,sad
train_sound\Sad\7895_hl_japon.wav,sad
train_sound\Sad\7895_hl_kagit.wav,sad
train_sound\Sad\7895_hl_karton.wav,sad
train_sound\Sad\7895_hl_kedi.wav,sad
train_sound\Sad\7895_hl_kemik.wav,sad
train_sound\Sad\7895_hl_kibir.wav,sad
train_sound\Sad\7895_hl_kiler.wav,sad
train_sound\Sad\7895_hl_kirgin.wav,sad
train_sound\Sad\7895_hl_koku.wav,sad
train_sound\Sad\7895_hl_konuk.wav,sad
train_sound\Sad\7895_hl_koy.wav,sad
train_sound\Sad\7895_hl_kulac.wav,sad
train_sound\Sad\7895_hl_kusluk.wav,sad
train_sound\Sad\7895_hl_kustah.wav,sad
train_sound\Sad\7895_hl_lokma.wav,sad
train_sound\Sad\7895_hl_lufer.wav,sad
train_sound\Sad\7895_hl_melek.wav,sad
train_sound\Sad\7895_hl_mujde.wav,sad
train_sound\Sad\7895_hl_nasil.wav,sad
train_sound\Sad\7895_hl_nicin.wav,sad
train_sound\Sad\7895_hl_odenek.wav,sad
train_sound\Sad\7895_hl_ogul1.wav,sad
train_sound\Sad\7895_hl_okul.wav,sad
train_sound\Sad\7895_hl_olcut.wav,sad
train_sound\Sad\7895_hl_ordek.wav,sad
train_sound\Sad\7895_hl_orgu.wav,sad
train_sound\Sad\7895_hl_pamuk.wav,sad
train_sound\Sad\7895_hl_pas.wav,sad
train_sound\Sad\7895_hl_pihti.wav,sad
train_sound\Sad\7895_hl_rihtim.wav,sad
train_sound\Sad\7895_hl_saf.wav,sad
train_sound\Sad\7895_hl_sarap.wav,sad
train_sound\Sad\7895_hl_sarj.wav,sad
train_sound\Sad\7895_hl_satir.wav,sad
train_sound\Sad\7895_hl_senlik.wav,sad
train_sound\Sad\7895_hl_sepet.wav,sad
train_sound\Sad\7895_hl_serin.wav,sad
train_sound\Sad\7895_hl_sevgi.wav,sad
train_sound\Sad\7895_hl_simit.wav,sad
train_sound\Sad\7895_hl_soba.wav,sad
train_sound\Sad\7895_hl_sucuk.wav,sad
train_sound\Sad\7895_hl_tahta.wav,sad
train_sound\Sad\7895_hl_tembel.wav,sad
train_sound\Sad\7895_hl_tirtil.wav,sad
train_sound\Sad\7895_hl_turev.wav,sad
train_sound\Sad\7895_hl_unlu.wav,sad
train_sound\Sad\7895_hl_utanc.wav,sad
train_sound\Sad\7895_hl_vurgu.wav,sad
train_sound\Sad\7895_hl_yanki.wav,sad
train_sound\Sad\7895_hl_yazim.wav,sad
train_sound\Sad\7895_hl_yigilmak.wav,sad
train_sound\Sad\7895_hl_yigin.wav,sad
train_sound\Sad\7895_hl_zeytin.wav,sad
